trade_id,order_id,strategy_id,timestamp,side,qty,exec_price,raw_price,commission,notional,liquidity_role
TRD-000001,ORD-000001,strategy-1,2026-03-01T21:24:53.392000,BUY,0.038796,65608.6,65608.6,0.0,2545.3512456,TAKER
TRD-000002,ORD-000001,strategy-1,2026-03-01T21:25:07.992000,BUY,0.128142,65601.7,65601.7,0.0,8406.3330414,TAKER
TRD-000003,ORD-000001,strategy-1,2026-03-01T21:25:07.992000,BUY,0.020929,65602.9,65602.9,0.0,1373.0030940999998,TAKER
TRD-000004,ORD-000001,strategy-1,2026-03-01T21:25:07.992000,BUY,0.0002,65603.1,65603.1,0.0,13.120620000000002,TAKER
TRD-000005,ORD-000001,strategy-1,2026-03-01T21:25:07.992000,BUY,0.024,65603.5,65603.5,0.0,1574.484,TAKER
TRD-000006,ORD-000001,strategy-1,2026-03-01T21:25:07.992000,BUY,0.045914,65603.9,65603.9,0.0,3012.1374646,TAKER
TRD-000007,ORD-000001,strategy-1,2026-03-01T21:25:07.992000,BUY,0.054471,65604.0,65604.0,0.0,3573.515484,TAKER
TRD-000008,ORD-000001,strategy-1,2026-03-01T21:25:07.992000,BUY,0.110789,65605.4,65605.4,0.0,7268.3566605999995,TAKER
TRD-000009,ORD-000001,strategy-1,2026-03-01T21:25:07.992000,BUY,0.0004,65606.4,65606.4,0.0,26.242559999999997,TAKER
TRD-000010,ORD-000001,strategy-1,2026-03-01T21:25:07.992000,BUY,0.024,65606.6,65606.6,0.0,1574.5584000000001,TAKER
TRD-000011,ORD-000001,strategy-1,2026-03-01T21:25:07.992000,BUY,0.001379,65606.9,65606.9,0.0,90.47191509999999,TAKER
TRD-000012,ORD-000001,strategy-1,2026-03-01T21:25:07.992000,BUY,0.007621,65607.7,65607.7,0.0,499.9962817,TAKER
TRD-000013,ORD-000001,strategy-1,2026-03-01T21:25:07.992000,BUY,0.000115,65607.8,65607.8,0.0,7.544897000000001,TAKER
TRD-000014,ORD-000001,strategy-1,2026-03-01T21:25:07.992000,BUY,0.001,65608.3,65608.3,0.0,65.6083,TAKER
TRD-000015,ORD-000001,strategy-1,2026-03-01T21:25:07.992000,BUY,0.019758,65608.5,65608.5,0.0,1296.292743,TAKER
TRD-000016,ORD-000001,strategy-1,2026-03-01T21:25:07.992000,BUY,0.000552,65608.6,65608.6,0.0,36.2159472,TAKER
TRD-000017,ORD-000001,strategy-1,2026-03-01T21:25:22.393000,BUY,0.16578,65582.5,65582.5,0.0,10872.26685,TAKER
TRD-000018,ORD-000001,strategy-1,2026-03-01T21:25:22.393000,BUY,0.0002,65583.3,65583.3,0.0,13.116660000000001,TAKER
TRD-000019,ORD-000001,strategy-1,2026-03-01T21:25:22.393000,BUY,0.0002,65585.5,65585.5,0.0,13.1171,TAKER
TRD-000020,ORD-000001,strategy-1,2026-03-01T21:25:22.393000,BUY,0.024086,65585.6,65585.6,0.0,1579.6947616000002,TAKER
TRD-000021,ORD-000001,strategy-1,2026-03-01T21:25:22.393000,BUY,0.047364,65585.7,65585.7,0.0,3106.4010948,TAKER
TRD-000022,ORD-000001,strategy-1,2026-03-01T21:25:22.393000,BUY,0.032014,65585.8,65585.8,0.0,2099.6638012000003,TAKER
TRD-000023,ORD-000001,strategy-1,2026-03-01T21:25:22.393000,BUY,0.001312,65586.0,65586.0,0.0,86.048832,TAKER
TRD-000024,ORD-000001,strategy-1,2026-03-01T21:25:22.393000,BUY,0.019758,65586.1,65586.1,0.0,1295.8501638000002,TAKER
TRD-000025,ORD-000001,strategy-1,2026-03-01T21:25:22.393000,BUY,0.035718,65588.1,65588.1,0.0,2342.6757558000004,TAKER
TRD-000026,ORD-000001,strategy-1,2026-03-01T21:25:22.393000,BUY,0.000115,65588.3,65588.3,0.0,7.5426545,TAKER
TRD-000027,ORD-000001,strategy-1,2026-03-01T21:25:22.393000,BUY,0.001,65589.1,65589.1,0.0,65.5891,TAKER
TRD-000028,ORD-000001,strategy-1,2026-03-01T21:25:22.393000,BUY,0.117342,65589.3,65589.3,0.0,7696.3796406,TAKER
TRD-000029,ORD-000001,strategy-1,2026-03-01T21:25:22.393000,BUY,0.007623,65590.1,65590.1,0.0,499.9933323,TAKER
TRD-000030,ORD-000001,strategy-1,2026-03-01T21:25:22.393000,BUY,0.0002,65590.2,65590.2,0.0,13.11804,TAKER
TRD-000031,ORD-000001,strategy-1,2026-03-01T21:25:22.393000,BUY,0.001379,65592.7,65592.7,0.0,90.45233329999999,TAKER
TRD-000032,ORD-000001,strategy-1,2026-03-01T21:25:22.393000,BUY,0.007622,65592.8,65592.8,0.0,499.94832160000004,TAKER
TRD-000033,ORD-000001,strategy-1,2026-03-01T21:25:22.393000,BUY,0.0602209999999999,65593.2,65593.2,0.0,3950.088097199993,TAKER
TRD-000034,ORD-000002,strategy-1,2026-03-01T21:29:53.793000,SELL,0.148978,65606.8,65606.8,0.0,9773.9698504,TAKER
TRD-000035,ORD-000002,strategy-1,2026-03-01T21:33:32.593000,SELL,0.213159,65611.5,65611.5,0.0,13985.6817285,TAKER
TRD-000036,ORD-000002,strategy-1,2026-03-01T21:33:32.593000,SELL,0.032021,65607.1,65607.1,0.0,2100.8049491,TAKER
TRD-000037,ORD-000002,strategy-1,2026-03-01T21:33:32.593000,SELL,0.054207,65606.8,65606.8,0.0,3556.3478076,TAKER
TRD-000038,ORD-000002,strategy-1,2026-03-01T21:33:47.193000,SELL,0.113764,65630.5,65630.5,0.0,7466.388202,TAKER
TRD-000039,ORD-000002,strategy-1,2026-03-01T21:33:47.193000,SELL,0.066337,65630.4,65630.4,0.0,4353.723844799999,TAKER
TRD-000040,ORD-000002,strategy-1,2026-03-01T21:33:47.193000,SELL,0.013047,65630.3,65630.3,0.0,856.2785241,TAKER
TRD-000041,ORD-000002,strategy-1,2026-03-01T21:33:47.193000,SELL,0.094887,65626.0,65626.0,0.0,6227.054262,TAKER
TRD-000042,ORD-000002,strategy-1,2026-03-01T21:33:47.193000,SELL,0.019747,65625.9,65625.9,0.0,1295.9146472999998,TAKER
TRD-000043,ORD-000002,strategy-1,2026-03-01T21:33:47.193000,SELL,0.015236,65625.7,65625.7,0.0,999.8731651999999,TAKER
TRD-000044,ORD-000002,strategy-1,2026-03-01T21:33:47.193000,SELL,0.0002,65625.3,65625.3,0.0,13.125060000000001,TAKER
TRD-000045,ORD-000002,strategy-1,2026-03-01T21:33:47.193000,SELL,0.0002,65624.2,65624.2,0.0,13.12484,TAKER
TRD-000046,ORD-000002,strategy-1,2026-03-01T21:33:47.193000,SELL,0.164873,65624.0,65624.0,0.0,10819.625752,TAKER
TRD-000047,ORD-000002,strategy-1,2026-03-01T21:33:47.193000,SELL,0.001,65623.9,65623.9,0.0,65.62389999999999,TAKER
TRD-000048,ORD-000002,strategy-1,2026-03-01T21:33:47.193000,SELL,0.0002,65620.8,65620.8,0.0,13.124160000000002,TAKER
TRD-000049,ORD-000002,strategy-1,2026-03-01T21:33:47.193000,SELL,0.00138,65620.7,65620.7,0.0,90.55656599999999,TAKER
TRD-000050,ORD-000002,strategy-1,2026-03-01T21:33:47.193000,SELL,0.000115,65620.5,65620.5,0.0,7.5463575,TAKER
TRD-000051,ORD-000002,strategy-1,2026-03-01T21:33:47.193000,SELL,0.06064900000000004,65619.7,65619.7,0.0,3979.769185300003,TAKER
TRD-000052,ORD-000003,strategy-1,2026-03-01T21:42:42.393000,BUY,0.176777,65562.8,65562.8,0.0,11589.9950956,TAKER
TRD-000053,ORD-000003,strategy-1,2026-03-01T22:09:29.792000,BUY,0.163882,65562.8,65562.8,0.0,10744.5627896,TAKER
TRD-000054,ORD-000003,strategy-1,2026-03-01T22:09:44.392000,BUY,0.212711,65548.8,65548.8,0.0,13942.950796800002,TAKER
TRD-000055,ORD-000003,strategy-1,2026-03-01T22:09:44.392000,BUY,0.015255,65549.9,65549.9,0.0,999.9637244999999,TAKER
TRD-000056,ORD-000003,strategy-1,2026-03-01T22:09:44.392000,BUY,0.054484,65550.7,65550.7,0.0,3571.4643387999995,TAKER
TRD-000057,ORD-000003,strategy-1,2026-03-01T22:09:44.392000,BUY,0.152527,65550.8,65550.8,0.0,9998.2668716,TAKER
TRD-000058,ORD-000003,strategy-1,2026-03-01T22:09:44.392000,BUY,0.03,65551.1,65551.1,0.0,1966.5330000000001,TAKER
TRD-000059,ORD-000003,strategy-1,2026-03-01T22:09:44.392000,BUY,0.048983,65551.3,65551.3,0.0,3210.8993279,TAKER
TRD-000060,ORD-000003,strategy-1,2026-03-01T22:09:44.392000,BUY,0.011664,65551.9,65551.9,0.0,764.5973616,TAKER
TRD-000061,ORD-000003,strategy-1,2026-03-01T22:09:44.392000,BUY,0.13371700000000009,65552.1,65552.1,0.0,8765.430155700007,TAKER
TRD-000062,ORD-000004,strategy-1,2026-03-01T22:13:11.993000,SELL,0.025069,66359.6,66359.6,0.0,1663.5688124000003,TAKER
TRD-000063,ORD-000004,strategy-1,2026-03-02T00:44:45.592000,SELL,0.197868,66414.0,66414.0,0.0,13141.205351999999,TAKER
TRD-000064,ORD-000004,strategy-1,2026-03-02T00:44:45.592000,SELL,0.014059,66412.9,66412.9,0.0,933.6989610999999,TAKER
TRD-000065,ORD-000004,strategy-1,2026-03-02T00:44:45.592000,SELL,0.00113,66410.2,66410.2,0.0,75.04352599999999,TAKER
TRD-000066,ORD-000004,strategy-1,2026-03-02T00:44:45.592000,SELL,0.128179,66408.2,66408.2,0.0,8512.1366678,TAKER
TRD-000067,ORD-000004,strategy-1,2026-03-02T00:44:45.592000,SELL,0.4176,66408.1,66408.1,0.0,27732.022560000005,TAKER
TRD-000068,ORD-000004,strategy-1,2026-03-02T00:44:45.592000,SELL,0.03561,66407.7,66407.7,0.0,2364.778197,TAKER
TRD-000069,ORD-000004,strategy-1,2026-03-02T00:44:45.592000,SELL,0.121751,66407.1,66407.1,0.0,8085.130832100001,TAKER
TRD-000070,ORD-000004,strategy-1,2026-03-02T00:44:45.592000,SELL,0.0002,66406.2,66406.2,0.0,13.28124,TAKER
TRD-000071,ORD-000004,strategy-1,2026-03-02T00:44:45.592000,SELL,0.040724,66405.8,66405.8,0.0,2704.3097992000003,TAKER
TRD-000072,ORD-000004,strategy-1,2026-03-02T00:44:45.592000,SELL,0.01781000000000009,66405.7,66405.7,0.0,1182.6855170000058,TAKER
TRD-000073,ORD-000005,strategy-1,2026-03-02T01:19:58.793000,BUY,0.261572,66806.4,66806.4,0.0,17474.6836608,TAKER
TRD-000074,ORD-000005,strategy-1,2026-03-02T01:20:15.193000,BUY,0.181016,66795.7,66795.7,0.0,12091.0904312,TAKER
TRD-000075,ORD-000005,strategy-1,2026-03-02T01:20:15.193000,BUY,0.007485,66799.2,66799.2,0.0,499.992012,TAKER
TRD-000076,ORD-000005,strategy-1,2026-03-02T01:20:15.193000,BUY,0.016656,66802.1,66802.1,0.0,1112.6557776000002,TAKER
TRD-000077,ORD-000005,strategy-1,2026-03-02T01:20:15.193000,BUY,0.051963,66802.2,66802.2,0.0,3471.2427186,TAKER
TRD-000078,ORD-000005,strategy-1,2026-03-02T01:20:15.193000,BUY,0.001,66802.4,66802.4,0.0,66.80239999999999,TAKER
TRD-000079,ORD-000005,strategy-1,2026-03-02T01:20:15.193000,BUY,0.0336,66803.1,66803.1,0.0,2244.58416,TAKER
TRD-000080,ORD-000005,strategy-1,2026-03-02T01:20:15.193000,BUY,0.037412,66805.3,66805.3,0.0,2499.3198836,TAKER
TRD-000081,ORD-000005,strategy-1,2026-03-02T01:20:15.193000,BUY,0.123383,66805.4,66805.4,0.0,8242.6506682,TAKER
TRD-000082,ORD-000005,strategy-1,2026-03-02T01:20:15.193000,BUY,0.000113,66806.4,66806.4,0.0,7.5491231999999995,TAKER
TRD-000083,ORD-000005,strategy-1,2026-03-02T01:20:30.793000,BUY,0.28580000000000005,66700.1,66700.1,0.0,19062.888580000006,TAKER
TRD-000084,ORD-000006,strategy-1,2026-03-02T01:52:57.992000,SELL,0.77702,66621.0,66621.0,0.0,51765.849420000006,TAKER
TRD-000085,ORD-000006,strategy-1,2026-03-02T01:53:13.593000,SELL,0.22297999999999996,66632.0,66632.0,0.0,14857.603359999997,TAKER
TRD-000086,ORD-000007,strategy-1,2026-03-02T01:57:35.793000,BUY,0.153846,66531.8,66531.8,0.0,10235.6513028,TAKER
TRD-000087,ORD-000007,strategy-1,2026-03-02T01:57:51.392000,BUY,0.153898,66527.9,66527.9,0.0,10238.510754199999,TAKER
TRD-000088,ORD-000007,strategy-1,2026-03-02T01:57:51.392000,BUY,0.003643,66528.8,66528.8,0.0,242.3644184,TAKER
TRD-000089,ORD-000007,strategy-1,2026-03-02T01:57:51.392000,BUY,0.012314,66528.9,66528.9,0.0,819.2368746,TAKER
TRD-000090,ORD-000007,strategy-1,2026-03-02T01:57:51.392000,BUY,0.0036,66529.8,66529.8,0.0,239.50728,TAKER
TRD-000091,ORD-000007,strategy-1,2026-03-02T01:57:51.392000,BUY,0.045956,66531.7,66531.7,0.0,3057.5308051999996,TAKER
TRD-000092,ORD-000007,strategy-1,2026-03-02T01:57:51.392000,BUY,0.064022,66531.8,66531.8,0.0,4259.4988996,TAKER
TRD-000093,ORD-000007,strategy-1,2026-03-02T01:58:08.392000,BUY,0.246975,66510.9,66510.9,0.0,16426.5295275,TAKER
TRD-000094,ORD-000007,strategy-1,2026-03-02T01:58:08.392000,BUY,0.03,66511.1,66511.1,0.0,1995.333,TAKER
TRD-000095,ORD-000007,strategy-1,2026-03-02T01:58:08.392000,BUY,0.035085,66512.0,66512.0,0.0,2333.57352,TAKER
TRD-000096,ORD-000007,strategy-1,2026-03-02T01:58:08.392000,BUY,0.063622,66512.1,66512.1,0.0,4231.632826200001,TAKER
TRD-000097,ORD-000007,strategy-1,2026-03-02T01:58:08.392000,BUY,0.006204,66512.2,66512.2,0.0,412.6416888,TAKER
TRD-000098,ORD-000007,strategy-1,2026-03-02T01:58:08.392000,BUY,0.007517,66512.3,66512.3,0.0,499.9729591,TAKER
TRD-000099,ORD-000007,strategy-1,2026-03-02T01:58:08.392000,BUY,0.001124,66513.8,66513.8,0.0,74.7615112,TAKER
TRD-000100,ORD-000007,strategy-1,2026-03-02T01:58:08.392000,BUY,0.039077,66513.9,66513.9,0.0,2599.1636703,TAKER
TRD-000101,ORD-000007,strategy-1,2026-03-02T01:58:08.392000,BUY,0.058625,66515.7,66515.7,0.0,3899.4829124999997,TAKER
TRD-000102,ORD-000007,strategy-1,2026-03-02T01:58:08.392000,BUY,0.07449199999999996,66515.8,66515.8,0.0,4954.894973599998,TAKER
TRD-000103,ORD-000008,strategy-1,2026-03-02T02:14:53.592000,SELL,0.530835,66099.3,66099.3,0.0,35087.8219155,TAKER
TRD-000104,ORD-000008,strategy-1,2026-03-02T02:15:09.792000,SELL,0.431146,66155.9,66155.9,0.0,28522.851661399996,TAKER
TRD-000105,ORD-000008,strategy-1,2026-03-02T02:15:09.792000,SELL,0.001134,66154.5,66154.5,0.0,75.019203,TAKER
TRD-000106,ORD-000008,strategy-1,2026-03-02T02:15:09.792000,SELL,0.007558,66154.2,66154.2,0.0,499.9934436,TAKER
TRD-000107,ORD-000008,strategy-1,2026-03-02T02:15:09.792000,SELL,0.02932700000000008,66151.0,66151.0,0.0,1940.0103770000053,TAKER
TRD-000108,ORD-000009,strategy-1,2026-03-02T02:20:04.793000,BUY,0.081863,66070.7,66070.7,0.0,5408.7457141,TAKER
TRD-000109,ORD-000009,strategy-1,2026-03-02T02:20:21.192000,BUY,0.588825,66055.9,66055.9,0.0,38895.3653175,TAKER
TRD-000110,ORD-000009,strategy-1,2026-03-02T02:20:21.192000,BUY,0.01049,66056.1,66056.1,0.0,692.928489,TAKER
TRD-000111,ORD-000009,strategy-1,2026-03-02T02:20:21.192000,BUY,0.007569,66057.1,66057.1,0.0,499.98618990000006,TAKER
TRD-000112,ORD-000009,strategy-1,2026-03-02T02:20:21.192000,BUY,0.007569,66059.3,66059.3,0.0,500.00284170000003,TAKER
TRD-000113,ORD-000009,strategy-1,2026-03-02T02:20:21.192000,BUY,0.151117,66059.4,66059.4,0.0,9982.698349799999,TAKER
TRD-000114,ORD-000009,strategy-1,2026-03-02T02:20:21.192000,BUY,0.122164,66059.6,66059.6,0.0,8070.1049744,TAKER
TRD-000115,ORD-000009,strategy-1,2026-03-02T02:20:21.192000,BUY,0.0002,66059.7,66059.7,0.0,13.21194,TAKER
TRD-000116,ORD-000009,strategy-1,2026-03-02T02:20:21.192000,BUY,0.03020299999999996,66060.7,66060.7,0.0,1995.2313220999972,TAKER
TRD-000117,ORD-000010,strategy-1,2026-03-02T02:23:42.992000,SELL,0.449818,66235.9,66235.9,0.0,29794.100066199997,TAKER
TRD-000118,ORD-000010,strategy-1,2026-03-02T02:24:00.192000,SELL,0.225519,66236.4,66236.4,0.0,14937.5666916,TAKER
TRD-000119,ORD-000010,strategy-1,2026-03-02T02:24:00.192000,SELL,0.034248,66235.9,66235.9,0.0,2268.4471031999997,TAKER
TRD-000120,ORD-000010,strategy-1,2026-03-02T02:24:16.992000,SELL,0.2904149999999999,66246.9,66246.9,0.0,19239.093463499994,TAKER
TRD-000121,ORD-000011,strategy-1,2026-03-02T02:42:21.193000,BUY,0.515121,66279.1,66279.1,0.0,34141.75627110001,TAKER
TRD-000122,ORD-000011,strategy-1,2026-03-02T02:49:59.193000,BUY,0.1212,66233.4,66233.4,0.0,8027.488079999999,TAKER
TRD-000123,ORD-000011,strategy-1,2026-03-02T02:49:59.193000,BUY,0.016515,66235.6,66235.6,0.0,1093.880934,TAKER
TRD-000124,ORD-000011,strategy-1,2026-03-02T02:49:59.193000,BUY,0.0002,66235.7,66235.7,0.0,13.24714,TAKER
TRD-000125,ORD-000011,strategy-1,2026-03-02T02:49:59.193000,BUY,0.081549,66242.1,66242.1,0.0,5401.9770129,TAKER
TRD-000126,ORD-000011,strategy-1,2026-03-02T02:49:59.193000,BUY,0.151267,66242.2,66242.2,0.0,10020.2588674,TAKER
TRD-000127,ORD-000011,strategy-1,2026-03-02T02:49:59.193000,BUY,0.114148,66242.3,66242.3,0.0,7561.4260604,TAKER
TRD-000128,ORD-000012,strategy-1,2026-03-02T02:56:23.795000,SELL,0.194973,66333.5,66333.5,0.0,12933.2414955,TAKER
TRD-000129,ORD-000012,strategy-1,2026-03-02T02:56:43.192000,SELL,0.531708,66363.0,66363.0,0.0,35285.738004,TAKER
TRD-000130,ORD-000012,strategy-1,2026-03-02T02:56:43.192000,SELL,0.013725,66362.9,66362.9,0.0,910.8308024999999,TAKER
TRD-000131,ORD-000012,strategy-1,2026-03-02T02:56:43.192000,SELL,0.014481,66362.4,66362.4,0.0,960.9939144,TAKER
TRD-000132,ORD-000012,strategy-1,2026-03-02T02:56:43.192000,SELL,0.018985,66362.0,66362.0,0.0,1259.88257,TAKER
TRD-000133,ORD-000012,strategy-1,2026-03-02T02:56:43.192000,SELL,0.024,66361.9,66361.9,0.0,1592.6855999999998,TAKER
TRD-000134,ORD-000012,strategy-1,2026-03-02T02:56:43.192000,SELL,0.036,66360.8,66360.8,0.0,2388.9888,TAKER
TRD-000135,ORD-000012,strategy-1,2026-03-02T02:56:43.192000,SELL,0.0036,66360.0,66360.0,0.0,238.896,TAKER
TRD-000136,ORD-000012,strategy-1,2026-03-02T02:56:43.192000,SELL,0.024419,66359.6,66359.6,0.0,1620.4350724,TAKER
TRD-000137,ORD-000012,strategy-1,2026-03-02T02:56:43.192000,SELL,0.002262,66359.3,66359.3,0.0,150.10473660000002,TAKER
TRD-000138,ORD-000012,strategy-1,2026-03-02T02:56:43.192000,SELL,0.0128,66358.1,66358.1,0.0,849.3836800000001,TAKER
TRD-000139,ORD-000012,strategy-1,2026-03-02T02:56:43.192000,SELL,0.02,66357.6,66357.6,0.0,1327.152,TAKER
TRD-000140,ORD-000012,strategy-1,2026-03-02T02:56:43.192000,SELL,0.00521,66356.5,66356.5,0.0,345.71736500000003,TAKER
TRD-000141,ORD-000012,strategy-1,2026-03-02T02:56:43.192000,SELL,0.033262,66356.4,66356.4,0.0,2207.1465768,TAKER
TRD-000142,ORD-000012,strategy-1,2026-03-02T02:56:43.192000,SELL,0.0002,66355.6,66355.6,0.0,13.271120000000002,TAKER
TRD-000143,ORD-000012,strategy-1,2026-03-02T02:56:43.192000,SELL,0.012801,66353.4,66353.4,0.0,849.3898733999999,TAKER
TRD-000144,ORD-000012,strategy-1,2026-03-02T02:56:43.192000,SELL,0.000114,66352.4,66352.4,0.0,7.5641736,TAKER
TRD-000145,ORD-000012,strategy-1,2026-03-02T02:56:43.192000,SELL,0.001124,66351.7,66351.7,0.0,74.5793108,TAKER
TRD-000146,ORD-000012,strategy-1,2026-03-02T02:56:43.192000,SELL,0.03,66351.3,66351.3,0.0,1990.539,TAKER
TRD-000147,ORD-000012,strategy-1,2026-03-02T02:56:43.192000,SELL,0.020335999999999972,66349.8,66349.8,0.0,1349.2895327999981,TAKER
TRD-000148,ORD-000013,strategy-1,2026-03-02T03:00:28.992000,BUY,0.189099,66261.9,66261.9,0.0,12530.059028099999,TAKER
TRD-000149,ORD-000013,strategy-1,2026-03-02T03:00:45.992000,BUY,0.507634,66260.6,66260.6,0.0,33636.1334204,TAKER
TRD-000150,ORD-000013,strategy-1,2026-03-02T03:01:02.793000,BUY,0.30326699999999995,66239.4,66239.4,0.0,20088.224119799994,TAKER
TRD-000151,ORD-000014,strategy-1,2026-03-02T03:07:53.592000,SELL,0.360381,66295.5,66295.5,0.0,23891.6385855,TAKER
TRD-000152,ORD-000014,strategy-1,2026-03-02T03:08:11.193000,SELL,0.492663,66340.4,66340.4,0.0,32683.460485199997,TAKER
TRD-000153,ORD-000014,strategy-1,2026-03-02T03:08:11.193000,SELL,0.043151,66339.9,66339.9,0.0,2862.6330249,TAKER
TRD-000154,ORD-000014,strategy-1,2026-03-02T03:08:11.193000,SELL,0.10380499999999993,66339.8,66339.8,0.0,6886.402938999995,TAKER
TRD-000155,ORD-000015,strategy-1,2026-03-02T03:56:20.592000,BUY,0.239523,66855.5,66855.5,0.0,16013.4299265,TAKER
TRD-000156,ORD-000015,strategy-1,2026-03-02T03:56:36.993000,BUY,0.112893,66836.5,66836.5,0.0,7545.3729945,TAKER
TRD-000157,ORD-000015,strategy-1,2026-03-02T03:56:36.993000,BUY,0.007738,66836.6,66836.6,0.0,517.1816108,TAKER
TRD-000158,ORD-000015,strategy-1,2026-03-02T03:56:36.993000,BUY,0.0004,66836.9,66836.9,0.0,26.734759999999998,TAKER
TRD-000159,ORD-000015,strategy-1,2026-03-02T03:56:36.993000,BUY,0.00748,66837.0,66837.0,0.0,499.94075999999995,TAKER
TRD-000160,ORD-000015,strategy-1,2026-03-02T03:56:36.993000,BUY,0.0036,66839.6,66839.6,0.0,240.62256000000002,TAKER
TRD-000161,ORD-000015,strategy-1,2026-03-02T03:56:36.993000,BUY,0.000113,66839.9,66839.9,0.0,7.552908699999999,TAKER
TRD-000162,ORD-000015,strategy-1,2026-03-02T03:56:36.993000,BUY,0.0006,66841.9,66841.9,0.0,40.10513999999999,TAKER
TRD-000163,ORD-000015,strategy-1,2026-03-02T03:56:36.993000,BUY,0.031609,66842.7,66842.7,0.0,2112.8309043,TAKER
TRD-000164,ORD-000015,strategy-1,2026-03-02T03:56:36.993000,BUY,0.105021,66842.8,66842.8,0.0,7019.8976988,TAKER
TRD-000165,ORD-000015,strategy-1,2026-03-02T03:56:36.993000,BUY,0.000871,66843.6,66843.6,0.0,58.22077560000001,TAKER
TRD-000166,ORD-000015,strategy-1,2026-03-02T03:56:36.993000,BUY,0.03369,66845.6,66845.6,0.0,2252.028264,TAKER
TRD-000167,ORD-000015,strategy-1,2026-03-02T03:56:36.993000,BUY,0.11275,66845.7,66845.7,0.0,7536.852675,TAKER
TRD-000168,ORD-000015,strategy-1,2026-03-02T03:56:36.993000,BUY,0.000113,66846.6,66846.6,0.0,7.5536658,TAKER
TRD-000169,ORD-000015,strategy-1,2026-03-02T03:56:36.993000,BUY,0.00748,66848.7,66848.7,0.0,500.02827599999995,TAKER
TRD-000170,ORD-000015,strategy-1,2026-03-02T03:56:36.993000,BUY,0.03,66848.8,66848.8,0.0,2005.464,TAKER
TRD-000171,ORD-000015,strategy-1,2026-03-02T03:56:36.993000,BUY,0.047019,66849.5,66849.5,0.0,3143.1966405,TAKER
TRD-000172,ORD-000015,strategy-1,2026-03-02T03:56:36.993000,BUY,0.0832,66849.6,66849.6,0.0,5561.88672,TAKER
TRD-000173,ORD-000015,strategy-1,2026-03-02T03:56:36.993000,BUY,0.097406,66851.3,66851.3,0.0,6511.717727800001,TAKER
TRD-000174,ORD-000015,strategy-1,2026-03-02T03:56:36.993000,BUY,0.014961,66851.9,66851.9,0.0,1000.1712759,TAKER
TRD-000175,ORD-000015,strategy-1,2026-03-02T03:56:36.993000,BUY,0.000871,66852.3,66852.3,0.0,58.2283533,TAKER
TRD-000176,ORD-000015,strategy-1,2026-03-02T03:56:36.993000,BUY,0.000113,66853.3,66853.3,0.0,7.5544229,TAKER
TRD-000177,ORD-000015,strategy-1,2026-03-02T03:56:36.993000,BUY,0.009596,66855.1,66855.1,0.0,641.5415396000001,TAKER
TRD-000178,ORD-000015,strategy-1,2026-03-02T03:56:53.992000,BUY,0.05295299999999983,66837.7,66837.7,0.0,3539.2567280999883,TAKER
TRD-000179,ORD-000016,strategy-1,2026-03-02T04:27:26.392000,SELL,0.178717,66915.8,66915.8,0.0,11958.9910286,TAKER
TRD-000180,ORD-000016,strategy-1,2026-03-02T04:28:16.392000,SELL,0.529877,66930.4,66930.4,0.0,35464.8795608,TAKER
TRD-000181,ORD-000016,strategy-1,2026-03-02T04:28:16.392000,SELL,0.014604,66930.0,66930.0,0.0,977.44572,TAKER
TRD-000182,ORD-000016,strategy-1,2026-03-02T04:28:16.392000,SELL,0.064339,66929.4,66929.4,0.0,4306.170666599999,TAKER
TRD-000183,ORD-000016,strategy-1,2026-03-02T04:28:16.392000,SELL,0.00747,66929.3,66929.3,0.0,499.96187100000003,TAKER
TRD-000184,ORD-000016,strategy-1,2026-03-02T04:28:16.392000,SELL,0.145977,66926.5,66926.5,0.0,9769.7296905,TAKER
TRD-000185,ORD-000016,strategy-1,2026-03-02T04:28:16.392000,SELL,0.0036,66925.7,66925.7,0.0,240.93251999999998,TAKER
TRD-000186,ORD-000016,strategy-1,2026-03-02T04:28:16.392000,SELL,0.034573,66924.5,66924.5,0.0,2313.7807385,TAKER
TRD-000187,ORD-000016,strategy-1,2026-03-02T04:28:16.392000,SELL,0.0014,66923.7,66923.7,0.0,93.69318,TAKER
TRD-000188,ORD-000016,strategy-1,2026-03-02T04:28:16.392000,SELL,0.00747,66920.3,66920.3,0.0,499.89464100000004,TAKER
TRD-000189,ORD-000016,strategy-1,2026-03-02T04:28:16.392000,SELL,0.001867,66920.2,66920.2,0.0,124.9400134,TAKER
TRD-000190,ORD-000016,strategy-1,2026-03-02T04:28:16.392000,SELL,0.000113,66920.0,66920.0,0.0,7.56196,TAKER
TRD-000191,ORD-000016,strategy-1,2026-03-02T04:28:16.392000,SELL,0.0004,66919.1,66919.1,0.0,26.767640000000004,TAKER
TRD-000192,ORD-000016,strategy-1,2026-03-02T04:28:16.392000,SELL,0.009592999999999848,66918.4,66918.4,0.0,641.9482111999898,TAKER
TRD-000193,ORD-000017,strategy-1,2026-03-02T04:33:49.393000,BUY,0.261082,66846.8,66846.8,0.0,17452.4962376,TAKER
TRD-000194,ORD-000017,strategy-1,2026-03-02T04:35:43.392000,BUY,0.625565,66785.8,66785.8,0.0,41778.858977,TAKER
TRD-000195,ORD-000017,strategy-1,2026-03-02T04:35:43.392000,BUY,0.032504,66786.4,66786.4,0.0,2170.8251456,TAKER
TRD-000196,ORD-000017,strategy-1,2026-03-02T04:35:43.392000,BUY,0.08084899999999992,66789.2,66789.2,0.0,5399.840030799995,TAKER
TRD-000197,ORD-000018,strategy-1,2026-03-02T04:40:10.592000,SELL,0.9999999999999999,66857.1,66857.1,0.0,66857.09999999999,TAKER
TRD-000198,ORD-000019,strategy-1,2026-03-02T04:43:01.392000,BUY,0.346628,66780.3,66780.3,0.0,23147.9218284,TAKER
TRD-000199,ORD-000019,strategy-1,2026-03-02T04:46:13.793000,BUY,0.08163,66705.0,66705.0,0.0,5445.12915,TAKER
TRD-000200,ORD-000019,strategy-1,2026-03-02T04:46:13.793000,BUY,0.000113,66705.9,66705.9,0.0,7.537766699999999,TAKER
TRD-000201,ORD-000019,strategy-1,2026-03-02T04:46:13.793000,BUY,0.120913,66707.0,66707.0,0.0,8065.743491,TAKER
TRD-000202,ORD-000019,strategy-1,2026-03-02T04:46:13.793000,BUY,0.0036,66707.2,66707.2,0.0,240.14592,TAKER
TRD-000203,ORD-000019,strategy-1,2026-03-02T04:46:13.793000,BUY,0.0002,66709.8,66709.8,0.0,13.341960000000002,TAKER
TRD-000204,ORD-000019,strategy-1,2026-03-02T04:46:13.793000,BUY,0.001,66711.7,66711.7,0.0,66.7117,TAKER
TRD-000205,ORD-000019,strategy-1,2026-03-02T04:46:13.793000,BUY,0.01404,66712.3,66712.3,0.0,936.6406920000001,TAKER
TRD-000206,ORD-000019,strategy-1,2026-03-02T04:46:13.793000,BUY,0.000113,66712.6,66712.6,0.0,7.5385238,TAKER
TRD-000207,ORD-000019,strategy-1,2026-03-02T04:46:13.793000,BUY,0.00112,66714.8,66714.8,0.0,74.720576,TAKER
TRD-000208,ORD-000019,strategy-1,2026-03-02T04:46:13.793000,BUY,0.208006,66715.1,66715.1,0.0,13877.1410906,TAKER
TRD-000209,ORD-000019,strategy-1,2026-03-02T04:46:13.793000,BUY,0.2226370000000001,66715.2,66715.2,0.0,14853.271982400007,TAKER
TRD-000210,ORD-000020,strategy-1,2026-03-02T04:52:57.192000,SELL,0.227683,66750.0,66750.0,0.0,15197.84025,TAKER
TRD-000211,ORD-000020,strategy-1,2026-03-02T04:54:06.392000,SELL,0.299125,66755.0,66755.0,0.0,19968.089375,TAKER
TRD-000212,ORD-000020,strategy-1,2026-03-02T04:54:06.392000,SELL,0.0004,66754.9,66754.9,0.0,26.70196,TAKER
TRD-000213,ORD-000020,strategy-1,2026-03-02T04:54:06.392000,SELL,0.0004,66754.8,66754.8,0.0,26.70192,TAKER
TRD-000214,ORD-000020,strategy-1,2026-03-02T04:54:06.392000,SELL,0.000885,66754.7,66754.7,0.0,59.0779095,TAKER
TRD-000215,ORD-000020,strategy-1,2026-03-02T04:54:06.392000,SELL,0.00749,66754.4,66754.4,0.0,499.99045599999994,TAKER
TRD-000216,ORD-000020,strategy-1,2026-03-02T04:54:06.392000,SELL,0.000113,66753.2,66753.2,0.0,7.5431116,TAKER
TRD-000217,ORD-000020,strategy-1,2026-03-02T04:54:06.392000,SELL,0.143003,66751.1,66751.1,0.0,9545.6075533,TAKER
TRD-000218,ORD-000020,strategy-1,2026-03-02T04:54:06.392000,SELL,0.03174,66750.1,66750.1,0.0,2118.648174,TAKER
TRD-000219,ORD-000020,strategy-1,2026-03-02T04:54:06.392000,SELL,0.0006,66750.0,66750.0,0.0,40.05,TAKER
TRD-000220,ORD-000020,strategy-1,2026-03-02T04:54:23.392000,SELL,0.18879,66758.2,66758.2,0.0,12603.280578,TAKER
TRD-000221,ORD-000020,strategy-1,2026-03-02T04:54:23.392000,SELL,0.0002,66758.1,66758.1,0.0,13.351620000000002,TAKER
TRD-000222,ORD-000020,strategy-1,2026-03-02T04:54:23.392000,SELL,0.0008,66758.0,66758.0,0.0,53.406400000000005,TAKER
TRD-000223,ORD-000020,strategy-1,2026-03-02T04:54:23.392000,SELL,0.007489,66757.5,66757.5,0.0,499.9469175,TAKER
TRD-000224,ORD-000020,strategy-1,2026-03-02T04:54:23.392000,SELL,0.000149,66755.0,66755.0,0.0,9.946494999999999,TAKER
TRD-000225,ORD-000020,strategy-1,2026-03-02T04:54:23.392000,SELL,0.0004,66754.9,66754.9,0.0,26.70196,TAKER
TRD-000226,ORD-000020,strategy-1,2026-03-02T04:54:23.392000,SELL,0.0004,66754.8,66754.8,0.0,26.70192,TAKER
TRD-000227,ORD-000020,strategy-1,2026-03-02T04:54:23.392000,SELL,0.000885,66754.7,66754.7,0.0,59.0779095,TAKER
TRD-000228,ORD-000020,strategy-1,2026-03-02T04:54:23.392000,SELL,0.001313,66753.2,66753.2,0.0,87.6469516,TAKER
TRD-000229,ORD-000020,strategy-1,2026-03-02T04:54:23.392000,SELL,0.001,66751.5,66751.5,0.0,66.75150000000001,TAKER
TRD-000230,ORD-000020,strategy-1,2026-03-02T04:54:23.392000,SELL,0.08713500000000007,66751.1,66751.1,0.0,5816.357098500005,TAKER
TRD-000231,ORD-000021,strategy-1,2026-03-02T04:54:23.392000,SELL,2.220446049250313e-16,66758.2,66758.2,0.0,1.4823298144506224e-11,TAKER
TRD-000232,ORD-000022,strategy-1,2026-03-02T05:04:56.992000,BUY,0.195238,66688.2,66688.2,0.0,13020.0707916,TAKER
TRD-000233,ORD-000022,strategy-1,2026-03-02T05:05:17.193000,BUY,0.29488,66662.7,66662.7,0.0,19657.496976,TAKER
TRD-000234,ORD-000022,strategy-1,2026-03-02T05:05:17.193000,BUY,0.0075,66663.1,66663.1,0.0,499.97325,TAKER
TRD-000235,ORD-000022,strategy-1,2026-03-02T05:05:17.193000,BUY,0.046238,66664.8,66664.8,0.0,3082.4470224,TAKER
TRD-000236,ORD-000022,strategy-1,2026-03-02T05:05:17.193000,BUY,0.110045,66664.9,66664.9,0.0,7336.1389205,TAKER
TRD-000237,ORD-000022,strategy-1,2026-03-02T05:05:17.193000,BUY,0.044856,66666.5,66666.5,0.0,2990.392524,TAKER
TRD-000238,ORD-000022,strategy-1,2026-03-02T05:05:17.193000,BUY,0.0036,66668.3,66668.3,0.0,240.00588,TAKER
TRD-000239,ORD-000022,strategy-1,2026-03-02T05:05:17.193000,BUY,0.001,66669.4,66669.4,0.0,66.6694,TAKER
TRD-000240,ORD-000022,strategy-1,2026-03-02T05:05:17.193000,BUY,0.14931,66669.9,66669.9,0.0,9954.482768999998,TAKER
TRD-000241,ORD-000022,strategy-1,2026-03-02T05:05:17.193000,BUY,0.03,66670.1,66670.1,0.0,2000.103,TAKER
TRD-000242,ORD-000022,strategy-1,2026-03-02T05:05:17.193000,BUY,0.11733299999999999,66670.6,66670.6,0.0,7822.6615098,TAKER
TRD-000243,ORD-000023,strategy-1,2026-03-02T05:11:33.793000,SELL,0.228571,66701.2,66701.2,0.0,15245.9599852,TAKER
TRD-000244,ORD-000023,strategy-1,2026-03-02T05:12:47.793000,SELL,0.7714289999999999,66715.4,66715.4,0.0,51466.19430659999,TAKER
TRD-000245,ORD-000024,strategy-1,2026-03-02T05:20:38.393000,BUY,0.394943,66716.5,66716.5,0.0,26349.214659499998,TAKER
TRD-000246,ORD-000024,strategy-1,2026-03-02T05:23:35.592000,BUY,0.380256,66707.5,66707.5,0.0,25365.92712,TAKER
TRD-000247,ORD-000024,strategy-1,2026-03-02T05:23:35.592000,BUY,0.22480099999999997,66708.2,66708.2,0.0,14996.070068199997,TAKER
TRD-000248,ORD-000025,strategy-1,2026-03-02T05:33:52.393000,SELL,0.205576,66728.5,66728.5,0.0,13717.778116000001,TAKER
TRD-000249,ORD-000025,strategy-1,2026-03-02T05:34:09.792000,SELL,0.188269,66729.0,66729.0,0.0,12563.002101,TAKER
TRD-000250,ORD-000025,strategy-1,2026-03-02T05:34:28.192000,SELL,0.234664,66756.1,66756.1,0.0,15665.253450400001,TAKER
TRD-000251,ORD-000025,strategy-1,2026-03-02T05:34:28.192000,SELL,0.028367,66756.0,66756.0,0.0,1893.667452,TAKER
TRD-000252,ORD-000025,strategy-1,2026-03-02T05:34:28.192000,SELL,0.025369,66755.9,66755.9,0.0,1693.5304270999998,TAKER
TRD-000253,ORD-000025,strategy-1,2026-03-02T05:34:28.192000,SELL,0.0004,66752.0,66752.0,0.0,26.7008,TAKER
TRD-000254,ORD-000025,strategy-1,2026-03-02T05:34:28.192000,SELL,0.073516,66751.9,66751.9,0.0,4907.3326804,TAKER
TRD-000255,ORD-000025,strategy-1,2026-03-02T05:34:28.192000,SELL,0.007874,66751.8,66751.8,0.0,525.6036732000001,TAKER
TRD-000256,ORD-000025,strategy-1,2026-03-02T05:34:28.192000,SELL,0.194795,66751.2,66751.2,0.0,13002.800003999999,TAKER
TRD-000257,ORD-000025,strategy-1,2026-03-02T05:34:28.192000,SELL,0.025169,66750.5,66750.5,0.0,1680.0433345000001,TAKER
TRD-000258,ORD-000025,strategy-1,2026-03-02T05:34:28.192000,SELL,0.001,66749.4,66749.4,0.0,66.7494,TAKER
TRD-000259,ORD-000025,strategy-1,2026-03-02T05:34:28.192000,SELL,0.0002,66748.9,66748.9,0.0,13.349779999999999,TAKER
TRD-000260,ORD-000025,strategy-1,2026-03-02T05:34:28.192000,SELL,0.00749,66746.6,66746.6,0.0,499.93203400000004,TAKER
TRD-000261,ORD-000025,strategy-1,2026-03-02T05:34:28.192000,SELL,0.000113,66746.5,66746.5,0.0,7.5423545,TAKER
TRD-000262,ORD-000025,strategy-1,2026-03-02T05:34:28.192000,SELL,0.000957,66746.4,66746.4,0.0,63.87630479999999,TAKER
TRD-000263,ORD-000025,strategy-1,2026-03-02T05:34:28.192000,SELL,0.006241000000000066,66745.2,66745.2,0.0,416.5567932000044,TAKER
TRD-000264,ORD-000026,strategy-1,2026-03-02T05:52:16.993000,BUY,0.163713,66852.2,66852.2,0.0,10944.574218599999,TAKER
TRD-000265,ORD-000026,strategy-1,2026-03-02T05:52:35.592000,BUY,0.135268,66828.1,66828.1,0.0,9039.7034308,TAKER
TRD-000266,ORD-000026,strategy-1,2026-03-02T05:52:35.592000,BUY,0.0036,66831.7,66831.7,0.0,240.59411999999998,TAKER
TRD-000267,ORD-000026,strategy-1,2026-03-02T05:52:35.592000,BUY,0.000113,66833.2,66833.2,0.0,7.552151599999999,TAKER
TRD-000268,ORD-000026,strategy-1,2026-03-02T05:52:35.592000,BUY,0.007482,66833.3,66833.3,0.0,500.0467506,TAKER
TRD-000269,ORD-000026,strategy-1,2026-03-02T05:52:35.592000,BUY,0.0004,66833.5,66833.5,0.0,26.7334,TAKER
TRD-000270,ORD-000026,strategy-1,2026-03-02T05:52:35.592000,BUY,0.120832,66834.8,66834.8,0.0,8075.7825536,TAKER
TRD-000271,ORD-000026,strategy-1,2026-03-02T05:52:35.592000,BUY,0.017993,66834.9,66834.9,0.0,1202.5603556999997,TAKER
TRD-000272,ORD-000026,strategy-1,2026-03-02T05:52:35.592000,BUY,0.0862,66835.1,66835.1,0.0,5761.18562,TAKER
TRD-000273,ORD-000026,strategy-1,2026-03-02T05:52:35.592000,BUY,0.0004,66836.2,66836.2,0.0,26.73448,TAKER
TRD-000274,ORD-000026,strategy-1,2026-03-02T05:52:35.592000,BUY,0.007482,66839.8,66839.8,0.0,500.0953836,TAKER
TRD-000275,ORD-000026,strategy-1,2026-03-02T05:52:35.592000,BUY,0.000113,66839.9,66839.9,0.0,7.552908699999999,TAKER
TRD-000276,ORD-000026,strategy-1,2026-03-02T05:52:35.592000,BUY,0.089709,66840.8,66840.8,0.0,5996.2213272,TAKER
TRD-000277,ORD-000026,strategy-1,2026-03-02T05:52:35.592000,BUY,0.024,66840.9,66840.9,0.0,1604.1816,TAKER
TRD-000278,ORD-000026,strategy-1,2026-03-02T05:52:35.592000,BUY,0.112049,66841.1,66841.1,0.0,7489.4784139,TAKER
TRD-000279,ORD-000026,strategy-1,2026-03-02T05:52:35.592000,BUY,0.087626,66842.2,66842.2,0.0,5857.1146172,TAKER
TRD-000280,ORD-000026,strategy-1,2026-03-02T05:52:35.592000,BUY,0.0832,66842.5,66842.5,0.0,5561.295999999999,TAKER
TRD-000281,ORD-000026,strategy-1,2026-03-02T05:52:35.592000,BUY,0.007482,66842.6,66842.6,0.0,500.11633320000004,TAKER
TRD-000282,ORD-000026,strategy-1,2026-03-02T05:52:35.592000,BUY,0.002,66843.3,66843.3,0.0,133.6866,TAKER
TRD-000283,ORD-000026,strategy-1,2026-03-02T05:52:35.592000,BUY,0.006488,66843.4,66843.4,0.0,433.67997919999993,TAKER
TRD-000284,ORD-000026,strategy-1,2026-03-02T05:52:35.592000,BUY,0.0004,66843.9,66843.9,0.0,26.73756,TAKER
TRD-000285,ORD-000026,strategy-1,2026-03-02T05:52:35.592000,BUY,0.04344999999999998,66844.1,66844.1,0.0,2904.376144999999,TAKER
TRD-000286,ORD-000027,strategy-1,2026-03-02T06:28:08.992000,SELL,0.542554,66234.2,66234.2,0.0,35935.630146799995,TAKER
TRD-000287,ORD-000027,strategy-1,2026-03-02T06:29:00.592000,SELL,0.423631,66249.2,66249.2,0.0,28065.214845199996,TAKER
TRD-000288,ORD-000027,strategy-1,2026-03-02T06:29:00.592000,SELL,0.009494,66246.5,66246.5,0.0,628.9442710000001,TAKER
TRD-000289,ORD-000027,strategy-1,2026-03-02T06:29:00.592000,SELL,0.024321000000000037,66246.2,66246.2,0.0,1611.1738302000024,TAKER
TRD-000290,ORD-000028,strategy-1,2026-03-02T06:47:26.192000,BUY,0.368434,66172.5,66172.5,0.0,24380.198865,TAKER
TRD-000291,ORD-000028,strategy-1,2026-03-02T06:48:29.192000,BUY,0.3654,66164.4,66164.4,0.0,24176.471759999997,TAKER
TRD-000292,ORD-000028,strategy-1,2026-03-02T06:48:29.192000,BUY,0.050209,66165.2,66165.2,0.0,3322.0885267999997,TAKER
TRD-000293,ORD-000028,strategy-1,2026-03-02T06:48:29.192000,BUY,0.119858,66165.3,66165.3,0.0,7930.440527400001,TAKER
TRD-000294,ORD-000028,strategy-1,2026-03-02T06:48:29.192000,BUY,0.02969,66165.4,66165.4,0.0,1964.4507259999998,TAKER
TRD-000295,ORD-000028,strategy-1,2026-03-02T06:48:29.192000,BUY,0.007556,66165.5,66165.5,0.0,499.946518,TAKER
TRD-000296,ORD-000028,strategy-1,2026-03-02T06:48:29.192000,BUY,0.05885300000000005,66169.4,66169.4,0.0,3894.267698200003,TAKER
TRD-000297,ORD-000029,strategy-1,2026-03-02T06:59:59.193000,SELL,0.0695,66210.4,66210.4,0.0,4601.6228,TAKER
TRD-000298,ORD-000029,strategy-1,2026-03-02T08:50:39.992000,SELL,0.680867,66253.6,66253.6,0.0,45109.8898712,TAKER
TRD-000299,ORD-000029,strategy-1,2026-03-02T08:50:39.992000,SELL,0.001,66251.9,66251.9,0.0,66.25189999999999,TAKER
TRD-000300,ORD-000029,strategy-1,2026-03-02T08:50:39.992000,SELL,0.03156,66251.3,66251.3,0.0,2090.891028,TAKER
TRD-000301,ORD-000029,strategy-1,2026-03-02T08:50:39.992000,SELL,0.007547,66251.2,66251.2,0.0,499.99780639999994,TAKER
TRD-000302,ORD-000029,strategy-1,2026-03-02T08:50:39.992000,SELL,0.001,66250.3,66250.3,0.0,66.25030000000001,TAKER
TRD-000303,ORD-000029,strategy-1,2026-03-02T08:50:39.992000,SELL,0.007546,66247.1,66247.1,0.0,499.90061660000003,TAKER
TRD-000304,ORD-000029,strategy-1,2026-03-02T08:50:39.992000,SELL,0.001,66247.0,66247.0,0.0,66.247,TAKER
TRD-000305,ORD-000029,strategy-1,2026-03-02T08:50:39.992000,SELL,0.023942,66246.5,66246.5,0.0,1586.073703,TAKER
TRD-000306,ORD-000029,strategy-1,2026-03-02T08:50:39.992000,SELL,0.0036,66246.4,66246.4,0.0,238.48703999999998,TAKER
TRD-000307,ORD-000029,strategy-1,2026-03-02T08:50:39.992000,SELL,0.03,66246.1,66246.1,0.0,1987.383,TAKER
TRD-000308,ORD-000029,strategy-1,2026-03-02T08:50:39.992000,SELL,0.142438,66245.2,66245.2,0.0,9435.8337976,TAKER
TRD-000309,ORD-000030,strategy-1,2026-03-02T09:27:17.592000,BUY,0.158113,66427.3,66427.3,0.0,10503.0196849,TAKER
TRD-000310,ORD-000030,strategy-1,2026-03-02T09:28:35.192000,BUY,0.653505,66426.8,66426.8,0.0,43410.245934,TAKER
TRD-000311,ORD-000030,strategy-1,2026-03-02T09:30:10.992000,BUY,0.18838200000000005,66423.5,66423.5,0.0,12512.991777000003,TAKER
TRD-000312,ORD-000031,strategy-1,2026-03-02T10:05:21.792000,SELL,0.298253,66304.1,66304.1,0.0,19775.3967373,TAKER
TRD-000313,ORD-000031,strategy-1,2026-03-02T10:05:41.192000,SELL,0.210004,66309.6,66309.6,0.0,13925.2812384,TAKER
TRD-000314,ORD-000031,strategy-1,2026-03-02T10:05:41.192000,SELL,0.013739,66309.5,66309.5,0.0,911.0262204999999,TAKER
TRD-000315,ORD-000031,strategy-1,2026-03-02T10:05:41.192000,SELL,0.0004,66308.8,66308.8,0.0,26.52352,TAKER
TRD-000316,ORD-000031,strategy-1,2026-03-02T10:05:41.192000,SELL,0.00754,66308.7,66308.7,0.0,499.96759799999995,TAKER
TRD-000317,ORD-000031,strategy-1,2026-03-02T10:05:41.192000,SELL,0.000114,66307.5,66307.5,0.0,7.559055000000001,TAKER
TRD-000318,ORD-000031,strategy-1,2026-03-02T10:05:41.192000,SELL,0.067829,66306.2,66306.2,0.0,4497.4832398,TAKER
TRD-000319,ORD-000031,strategy-1,2026-03-02T10:05:41.192000,SELL,0.226232,66306.1,66306.1,0.0,15000.5616152,TAKER
TRD-000320,ORD-000031,strategy-1,2026-03-02T10:05:41.192000,SELL,0.0002,66305.3,66305.3,0.0,13.26106,TAKER
TRD-000321,ORD-000031,strategy-1,2026-03-02T10:05:41.192000,SELL,0.0008,66304.3,66304.3,0.0,53.043440000000004,TAKER
TRD-000322,ORD-000031,strategy-1,2026-03-02T10:06:02.592000,SELL,0.17488900000000007,66314.4,66314.4,0.0,11597.659101600004,TAKER
TRD-000323,ORD-000032,strategy-1,2026-03-02T10:12:16.392000,BUY,0.709433,66112.4,66112.4,0.0,46902.3182692,TAKER
TRD-000324,ORD-000032,strategy-1,2026-03-02T10:12:34.192000,BUY,0.276043,66096.4,66096.4,0.0,18245.448545199997,TAKER
TRD-000325,ORD-000032,strategy-1,2026-03-02T10:12:34.192000,BUY,0.014524000000000037,66097.1,66097.1,0.0,959.9942804000025,TAKER
TRD-000326,ORD-000033,strategy-1,2026-03-02T10:29:40.192000,SELL,0.127581,66223.2,66223.2,0.0,8448.8220792,TAKER
TRD-000327,ORD-000033,strategy-1,2026-03-02T10:30:01.593000,SELL,0.516901,66258.2,66258.2,0.0,34248.929838200005,TAKER
TRD-000328,ORD-000033,strategy-1,2026-03-02T10:30:01.593000,SELL,0.007704,66258.1,66258.1,0.0,510.45240240000004,TAKER
TRD-000329,ORD-000033,strategy-1,2026-03-02T10:30:01.593000,SELL,0.000114,66256.7,66256.7,0.0,7.5532638,TAKER
TRD-000330,ORD-000033,strategy-1,2026-03-02T10:30:01.593000,SELL,0.0643,66255.7,66255.7,0.0,4260.24151,TAKER
TRD-000331,ORD-000033,strategy-1,2026-03-02T10:30:01.593000,SELL,0.14678,66255.5,66255.5,0.0,9724.98229,TAKER
TRD-000332,ORD-000033,strategy-1,2026-03-02T10:30:01.593000,SELL,0.0004,66254.7,66254.7,0.0,26.50188,TAKER
TRD-000333,ORD-000033,strategy-1,2026-03-02T10:30:01.593000,SELL,0.131351,66253.1,66253.1,0.0,8702.4109381,TAKER
TRD-000334,ORD-000033,strategy-1,2026-03-02T10:30:01.593000,SELL,0.0048689999999999845,66253.0,66253.0,0.0,322.58585699999895,TAKER
TRD-000335,ORD-000034,strategy-1,2026-03-02T10:44:55.392000,BUY,0.171874,66247.5,66247.5,0.0,11386.222815,TAKER
TRD-000336,ORD-000034,strategy-1,2026-03-02T10:45:56.192000,BUY,0.171386,66243.8,66243.8,0.0,11353.259906800002,TAKER
TRD-000337,ORD-000034,strategy-1,2026-03-02T10:45:56.192000,BUY,0.021229,66245.1,66245.1,0.0,1406.3172279000003,TAKER
TRD-000338,ORD-000034,strategy-1,2026-03-02T10:45:56.192000,BUY,0.002718,66246.1,66246.1,0.0,180.05689980000002,TAKER
TRD-000339,ORD-000034,strategy-1,2026-03-02T10:45:56.192000,BUY,0.0002,66246.9,66246.9,0.0,13.249379999999999,TAKER
TRD-000340,ORD-000034,strategy-1,2026-03-02T10:46:16.392000,BUY,0.156074,66227.0,66227.0,0.0,10336.312797999999,TAKER
TRD-000341,ORD-000034,strategy-1,2026-03-02T10:46:16.392000,BUY,0.0004,66227.9,66227.9,0.0,26.49116,TAKER
TRD-000342,ORD-000034,strategy-1,2026-03-02T10:46:16.392000,BUY,0.0004,66228.0,66228.0,0.0,26.491200000000003,TAKER
TRD-000343,ORD-000034,strategy-1,2026-03-02T10:46:16.392000,BUY,0.020823,66229.1,66229.1,0.0,1379.0885493000003,TAKER
TRD-000344,ORD-000034,strategy-1,2026-03-02T10:46:16.392000,BUY,0.004088,66230.3,66230.3,0.0,270.74946639999996,TAKER
TRD-000345,ORD-000034,strategy-1,2026-03-02T10:46:16.392000,BUY,0.000114,66230.4,66230.4,0.0,7.5502655999999995,TAKER
TRD-000346,ORD-000034,strategy-1,2026-03-02T10:46:16.392000,BUY,0.001532,66230.8,66230.8,0.0,101.4655856,TAKER
TRD-000347,ORD-000034,strategy-1,2026-03-02T10:46:16.392000,BUY,0.0002,66231.1,66231.1,0.0,13.246220000000001,TAKER
TRD-000348,ORD-000034,strategy-1,2026-03-02T10:46:16.392000,BUY,0.05991,66233.1,66233.1,0.0,3968.0250210000004,TAKER
TRD-000349,ORD-000034,strategy-1,2026-03-02T10:46:16.392000,BUY,0.197372,66233.2,66233.2,0.0,13072.579150399999,TAKER
TRD-000350,ORD-000034,strategy-1,2026-03-02T10:46:16.392000,BUY,0.0004,66233.4,66233.4,0.0,26.49336,TAKER
TRD-000351,ORD-000034,strategy-1,2026-03-02T10:46:16.392000,BUY,0.001,66233.6,66233.6,0.0,66.23360000000001,TAKER
TRD-000352,ORD-000034,strategy-1,2026-03-02T10:46:16.392000,BUY,0.0004,66233.9,66233.9,0.0,26.49356,TAKER
TRD-000353,ORD-000034,strategy-1,2026-03-02T10:46:16.392000,BUY,0.017267,66234.8,66234.8,0.0,1143.6762916,TAKER
TRD-000354,ORD-000034,strategy-1,2026-03-02T10:46:16.392000,BUY,0.0004,66236.5,66236.5,0.0,26.494600000000002,TAKER
TRD-000355,ORD-000034,strategy-1,2026-03-02T10:46:16.392000,BUY,0.018753,66236.7,66236.7,0.0,1242.1368350999999,TAKER
TRD-000356,ORD-000034,strategy-1,2026-03-02T10:46:16.392000,BUY,0.000114,66237.0,66237.0,0.0,7.551018,TAKER
TRD-000357,ORD-000034,strategy-1,2026-03-02T10:46:16.392000,BUY,0.06271,66237.2,66237.2,0.0,4153.734812,TAKER
TRD-000358,ORD-000034,strategy-1,2026-03-02T10:46:16.392000,BUY,0.001077,66237.8,66237.8,0.0,71.33811060000001,TAKER
TRD-000359,ORD-000034,strategy-1,2026-03-02T10:46:16.392000,BUY,0.024,66238.6,66238.6,0.0,1589.7264000000002,TAKER
TRD-000360,ORD-000034,strategy-1,2026-03-02T10:46:16.392000,BUY,0.06555899999999998,66241.2,66241.2,0.0,4342.706830799998,TAKER
TRD-000361,ORD-000035,strategy-1,2026-03-02T10:59:15.192000,SELL,0.209115,66265.8,66265.8,0.0,13857.172767,TAKER
TRD-000362,ORD-000035,strategy-1,2026-03-02T10:59:59.192000,SELL,0.14031,66322.6,66322.6,0.0,9305.724006,TAKER
TRD-000363,ORD-000035,strategy-1,2026-03-02T10:59:59.192000,SELL,0.013477,66321.9,66321.9,0.0,893.8202462999999,TAKER
TRD-000364,ORD-000035,strategy-1,2026-03-02T10:59:59.192000,SELL,0.036,66321.7,66321.7,0.0,2387.5811999999996,TAKER
TRD-000365,ORD-000035,strategy-1,2026-03-02T10:59:59.192000,SELL,0.007539,66321.6,66321.6,0.0,499.9985424,TAKER
TRD-000366,ORD-000035,strategy-1,2026-03-02T10:59:59.192000,SELL,0.0004,66321.4,66321.4,0.0,26.52856,TAKER
TRD-000367,ORD-000035,strategy-1,2026-03-02T10:59:59.192000,SELL,0.0002,66320.5,66320.5,0.0,13.264100000000001,TAKER
TRD-000368,ORD-000035,strategy-1,2026-03-02T10:59:59.192000,SELL,0.016539,66320.0,66320.0,0.0,1096.8664800000001,TAKER
TRD-000369,ORD-000035,strategy-1,2026-03-02T10:59:59.192000,SELL,0.065958,66318.4,66318.4,0.0,4374.2290272,TAKER
TRD-000370,ORD-000035,strategy-1,2026-03-02T10:59:59.192000,SELL,0.010404,66317.8,66317.8,0.0,689.9703912,TAKER
TRD-000371,ORD-000035,strategy-1,2026-03-02T10:59:59.192000,SELL,0.000114,66316.1,66316.1,0.0,7.560035400000001,TAKER
TRD-000372,ORD-000035,strategy-1,2026-03-02T10:59:59.192000,SELL,0.002,66316.0,66316.0,0.0,132.632,TAKER
TRD-000373,ORD-000035,strategy-1,2026-03-02T10:59:59.192000,SELL,0.015284,66315.4,66315.4,0.0,1013.5645735999999,TAKER
TRD-000374,ORD-000035,strategy-1,2026-03-02T10:59:59.192000,SELL,0.081188,66315.3,66315.3,0.0,5384.0065764,TAKER
TRD-000375,ORD-000035,strategy-1,2026-03-02T10:59:59.192000,SELL,0.138545,66315.2,66315.2,0.0,9187.639384,TAKER
TRD-000376,ORD-000035,strategy-1,2026-03-02T10:59:59.192000,SELL,0.0004,66314.3,66314.3,0.0,26.525720000000003,TAKER
TRD-000377,ORD-000035,strategy-1,2026-03-02T10:59:59.192000,SELL,0.150805,66313.6,66313.6,0.0,10000.422448000001,TAKER
TRD-000378,ORD-000035,strategy-1,2026-03-02T10:59:59.192000,SELL,0.033057,66313.0,66313.0,0.0,2192.108841,TAKER
TRD-000379,ORD-000035,strategy-1,2026-03-02T10:59:59.192000,SELL,0.00091,66312.8,66312.8,0.0,60.344648,TAKER
TRD-000380,ORD-000035,strategy-1,2026-03-02T10:59:59.192000,SELL,0.07775500000000013,66312.6,66312.6,0.0,5156.136213000009,TAKER
TRD-000381,ORD-000036,strategy-1,2026-03-02T11:04:51.392000,BUY,0.29942,66209.8,66209.8,0.0,19824.538316000002,TAKER
TRD-000382,ORD-000036,strategy-1,2026-03-02T11:06:52.592000,BUY,0.344561,66107.6,66107.6,0.0,22778.100763600003,TAKER
TRD-000383,ORD-000036,strategy-1,2026-03-02T11:06:52.592000,BUY,0.018709,66111.1,66111.1,0.0,1236.8725699000001,TAKER
TRD-000384,ORD-000036,strategy-1,2026-03-02T11:06:52.592000,BUY,0.038096,66111.2,66111.2,0.0,2518.5722751999997,TAKER
TRD-000385,ORD-000036,strategy-1,2026-03-02T11:06:52.592000,BUY,0.001529,66111.3,66111.3,0.0,101.0841777,TAKER
TRD-000386,ORD-000036,strategy-1,2026-03-02T11:06:52.592000,BUY,0.015491,66111.8,66111.8,0.0,1024.1378938,TAKER
TRD-000387,ORD-000036,strategy-1,2026-03-02T11:06:52.592000,BUY,0.000196,66111.9,66111.9,0.0,12.957932399999999,TAKER
TRD-000388,ORD-000036,strategy-1,2026-03-02T11:06:52.592000,BUY,0.007562,66112.2,66112.2,0.0,499.94045639999996,TAKER
TRD-000389,ORD-000036,strategy-1,2026-03-02T11:06:52.592000,BUY,0.0004,66112.8,66112.8,0.0,26.445120000000003,TAKER
TRD-000390,ORD-000036,strategy-1,2026-03-02T11:06:52.592000,BUY,0.041226,66114.1,66114.1,0.0,2725.6198866,TAKER
TRD-000391,ORD-000036,strategy-1,2026-03-02T11:06:52.592000,BUY,0.001,66114.2,66114.2,0.0,66.1142,TAKER
TRD-000392,ORD-000036,strategy-1,2026-03-02T11:06:52.592000,BUY,0.05988,66114.3,66114.3,0.0,3958.924284,TAKER
TRD-000393,ORD-000036,strategy-1,2026-03-02T11:06:52.592000,BUY,0.007563,66114.5,66114.5,0.0,500.02396350000004,TAKER
TRD-000394,ORD-000036,strategy-1,2026-03-02T11:06:52.592000,BUY,0.09723,66114.6,66114.6,0.0,6428.322558000001,TAKER
TRD-000395,ORD-000036,strategy-1,2026-03-02T11:06:52.592000,BUY,0.000768,66116.1,66116.1,0.0,50.77716480000001,TAKER
TRD-000396,ORD-000036,strategy-1,2026-03-02T11:06:52.592000,BUY,0.056411,66116.2,66116.2,0.0,3729.6809582,TAKER
TRD-000397,ORD-000036,strategy-1,2026-03-02T11:06:52.592000,BUY,0.009958000000000036,66116.3,66116.3,0.0,658.3861154000024,TAKER
TRD-000398,ORD-000037,strategy-1,2026-03-02T11:13:14.192000,SELL,0.098794,66165.8,66165.8,0.0,6536.784045200001,TAKER
TRD-000399,ORD-000037,strategy-1,2026-03-02T11:13:53.792000,SELL,0.088687,66180.4,66180.4,0.0,5869.3411348,TAKER
TRD-000400,ORD-000037,strategy-1,2026-03-02T11:13:53.792000,SELL,0.014226,66180.2,66180.2,0.0,941.4795252,TAKER
TRD-000401,ORD-000037,strategy-1,2026-03-02T11:13:53.792000,SELL,0.0002,66178.5,66178.5,0.0,13.235700000000001,TAKER
TRD-000402,ORD-000037,strategy-1,2026-03-02T11:13:53.792000,SELL,0.010062,66178.1,66178.1,0.0,665.8840422000001,TAKER
TRD-000403,ORD-000037,strategy-1,2026-03-02T11:13:53.792000,SELL,0.0004,66178.0,66178.0,0.0,26.4712,TAKER
TRD-000404,ORD-000037,strategy-1,2026-03-02T11:13:53.792000,SELL,0.078393,66176.6,66176.6,0.0,5187.7822038,TAKER
TRD-000405,ORD-000037,strategy-1,2026-03-02T11:13:53.792000,SELL,0.002,66175.6,66175.6,0.0,132.3512,TAKER
TRD-000406,ORD-000037,strategy-1,2026-03-02T11:13:53.792000,SELL,0.151116,66175.4,66175.4,0.0,10000.1617464,TAKER
TRD-000407,ORD-000037,strategy-1,2026-03-02T11:13:53.792000,SELL,0.124186,66175.3,66175.3,0.0,8218.0458058,TAKER
TRD-000408,ORD-000037,strategy-1,2026-03-02T11:13:53.792000,SELL,7.8e-05,66175.2,66175.2,0.0,5.1616656,TAKER
TRD-000409,ORD-000037,strategy-1,2026-03-02T11:13:53.792000,SELL,0.001531,66175.1,66175.1,0.0,101.31407810000002,TAKER
TRD-000410,ORD-000037,strategy-1,2026-03-02T11:13:53.792000,SELL,0.022316,66174.0,66174.0,0.0,1476.7389839999998,TAKER
TRD-000411,ORD-000037,strategy-1,2026-03-02T11:13:53.792000,SELL,0.020877,66173.9,66173.9,0.0,1381.5125102999998,TAKER
TRD-000412,ORD-000037,strategy-1,2026-03-02T11:13:53.792000,SELL,0.002,66173.8,66173.8,0.0,132.3476,TAKER
TRD-000413,ORD-000037,strategy-1,2026-03-02T11:13:53.792000,SELL,0.018122,66172.8,66172.8,0.0,1199.1834816,TAKER
TRD-000414,ORD-000037,strategy-1,2026-03-02T11:13:53.792000,SELL,0.03376,66172.7,66172.7,0.0,2233.990352,TAKER
TRD-000415,ORD-000037,strategy-1,2026-03-02T11:13:53.792000,SELL,0.073488,66171.3,66171.3,0.0,4862.7964944000005,TAKER
TRD-000416,ORD-000037,strategy-1,2026-03-02T11:13:53.792000,SELL,0.090737,66171.2,66171.2,0.0,6004.1761744,TAKER
TRD-000417,ORD-000037,strategy-1,2026-03-02T11:13:53.792000,SELL,0.122672,66171.0,66171.0,0.0,8117.328912,TAKER
TRD-000418,ORD-000037,strategy-1,2026-03-02T11:13:53.792000,SELL,0.024114,66170.9,66170.9,0.0,1595.6450825999998,TAKER
TRD-000419,ORD-000037,strategy-1,2026-03-02T11:13:53.792000,SELL,0.007555,66169.4,66169.4,0.0,499.909817,TAKER
TRD-000420,ORD-000037,strategy-1,2026-03-02T11:13:53.792000,SELL,0.001114,66169.3,66169.3,0.0,73.7126002,TAKER
TRD-000421,ORD-000037,strategy-1,2026-03-02T11:13:53.792000,SELL,0.01357199999999998,66168.1,66168.1,0.0,898.0334531999988,TAKER
TRD-000422,ORD-000038,strategy-1,2026-03-02T11:30:06.992000,BUY,0.567134,66037.1,66037.1,0.0,37451.8846714,TAKER
TRD-000423,ORD-000038,strategy-1,2026-03-02T12:36:59.793000,BUY,0.432866,66000.0,66000.0,0.0,28569.156,TAKER
TRD-000424,ORD-000039,strategy-1,2026-03-02T12:50:46.193000,SELL,0.161462,66047.8,66047.8,0.0,10664.2098836,TAKER
TRD-000425,ORD-000039,strategy-1,2026-03-02T13:22:31.593000,SELL,0.23706,66057.2,66057.2,0.0,15659.519831999998,TAKER
TRD-000426,ORD-000039,strategy-1,2026-03-02T13:22:31.593000,SELL,0.005819,66056.9,66056.9,0.0,384.3851011,TAKER
TRD-000427,ORD-000039,strategy-1,2026-03-02T13:22:31.593000,SELL,0.045665,66054.3,66054.3,0.0,3016.3696095,TAKER
TRD-000428,ORD-000039,strategy-1,2026-03-02T13:22:31.593000,SELL,0.151422,66054.2,66054.2,0.0,10002.0590724,TAKER
TRD-000429,ORD-000039,strategy-1,2026-03-02T13:22:31.593000,SELL,0.001558,66053.7,66053.7,0.0,102.9116646,TAKER
TRD-000430,ORD-000039,strategy-1,2026-03-02T13:22:31.593000,SELL,0.001551,66052.4,66052.4,0.0,102.4472724,TAKER
TRD-000431,ORD-000039,strategy-1,2026-03-02T13:22:31.593000,SELL,0.002114,66050.6,66050.6,0.0,139.6309684,TAKER
TRD-000432,ORD-000039,strategy-1,2026-03-02T13:22:31.593000,SELL,0.0004,66049.6,66049.6,0.0,26.419840000000004,TAKER
TRD-000433,ORD-000039,strategy-1,2026-03-02T13:25:29.992000,SELL,0.39127,66112.6,66112.6,0.0,25867.877002,TAKER
TRD-000434,ORD-000039,strategy-1,2026-03-02T13:25:29.992000,SELL,0.0016789999999999305,66111.0,66111.0,0.0,111.0003689999954,TAKER
TRD-000435,ORD-000040,strategy-1,2026-03-02T13:27:41.592000,BUY,0.62677,65854.2,65854.2,0.0,41275.436934000005,TAKER
TRD-000436,ORD-000040,strategy-1,2026-03-02T13:28:06.392000,BUY,0.342204,65799.2,65799.2,0.0,22516.7494368,TAKER
TRD-000437,ORD-000040,strategy-1,2026-03-02T13:28:06.392000,BUY,0.007598,65799.3,65799.3,0.0,499.9430814,TAKER
TRD-000438,ORD-000040,strategy-1,2026-03-02T13:28:06.392000,BUY,0.000114,65804.6,65804.6,0.0,7.501724400000001,TAKER
TRD-000439,ORD-000040,strategy-1,2026-03-02T13:28:06.392000,BUY,0.007601,65805.7,65805.7,0.0,500.1891257,TAKER
TRD-000440,ORD-000040,strategy-1,2026-03-02T13:28:06.392000,BUY,0.003736,65805.8,65805.8,0.0,245.85046880000002,TAKER
TRD-000441,ORD-000040,strategy-1,2026-03-02T13:28:06.392000,BUY,0.001768,65805.9,65805.9,0.0,116.34483119999999,TAKER
TRD-000442,ORD-000040,strategy-1,2026-03-02T13:28:06.392000,BUY,0.0002,65807.5,65807.5,0.0,13.1615,TAKER
TRD-000443,ORD-000040,strategy-1,2026-03-02T13:28:06.392000,BUY,0.001422,65809.7,65809.7,0.0,93.5813934,TAKER
TRD-000444,ORD-000040,strategy-1,2026-03-02T13:28:06.392000,BUY,0.008586999999999942,65810.8,65810.8,0.0,565.1173395999962,TAKER
TRD-000445,ORD-000041,strategy-1,2026-03-02T14:07:51.192000,SELL,0.170857,65519.4,65519.4,0.0,11194.448125800001,TAKER
TRD-000446,ORD-000041,strategy-1,2026-03-02T14:08:13.593000,SELL,0.171301,65526.2,65526.2,0.0,11224.7035862,TAKER
TRD-000447,ORD-000041,strategy-1,2026-03-02T14:08:13.593000,SELL,0.097613,65524.7,65524.7,0.0,6396.0625411,TAKER
TRD-000448,ORD-000041,strategy-1,2026-03-02T14:08:13.593000,SELL,0.024,65522.1,65522.1,0.0,1572.5304,TAKER
TRD-000449,ORD-000041,strategy-1,2026-03-02T14:08:13.593000,SELL,0.043631,65522.0,65522.0,0.0,2858.790382,TAKER
TRD-000450,ORD-000041,strategy-1,2026-03-02T14:08:13.593000,SELL,0.152666,65521.3,65521.3,0.0,10002.8747858,TAKER
TRD-000451,ORD-000041,strategy-1,2026-03-02T14:08:13.593000,SELL,0.059193,65521.2,65521.2,0.0,3878.3963916,TAKER
TRD-000452,ORD-000041,strategy-1,2026-03-02T14:08:13.593000,SELL,0.013734,65521.0,65521.0,0.0,899.865414,TAKER
TRD-000453,ORD-000041,strategy-1,2026-03-02T14:08:13.593000,SELL,0.001568,65520.5,65520.5,0.0,102.736144,TAKER
TRD-000454,ORD-000041,strategy-1,2026-03-02T14:08:13.593000,SELL,0.010531,65519.7,65519.7,0.0,689.9879607,TAKER
TRD-000455,ORD-000041,strategy-1,2026-03-02T14:08:13.593000,SELL,0.009157,65519.6,65519.6,0.0,599.9629772,TAKER
TRD-000456,ORD-000041,strategy-1,2026-03-02T14:08:13.593000,SELL,0.010531,65519.5,65519.5,0.0,689.9858545000001,TAKER
TRD-000457,ORD-000041,strategy-1,2026-03-02T14:08:31.992000,SELL,0.144531,65527.2,65527.2,0.0,9470.7117432,TAKER
TRD-000458,ORD-000041,strategy-1,2026-03-02T14:08:31.992000,SELL,0.000243,65526.0,65526.0,0.0,15.922818,TAKER
TRD-000459,ORD-000041,strategy-1,2026-03-02T14:08:31.992000,SELL,0.000115,65525.7,65525.7,0.0,7.5354555,TAKER
TRD-000460,ORD-000041,strategy-1,2026-03-02T14:08:31.992000,SELL,0.080022,65522.6,65522.6,0.0,5243.2494971999995,TAKER
TRD-000461,ORD-000041,strategy-1,2026-03-02T14:08:31.992000,SELL,7.8e-05,65522.1,65522.1,0.0,5.1107238,TAKER
TRD-000462,ORD-000041,strategy-1,2026-03-02T14:08:31.992000,SELL,0.000309,65521.6,65521.6,0.0,20.246174399999997,TAKER
TRD-000463,ORD-000041,strategy-1,2026-03-02T14:08:31.992000,SELL,0.009919999999999636,65521.5,65521.5,0.0,649.9732799999762,TAKER
TRD-000464,ORD-000042,strategy-1,2026-03-02T14:24:03.592000,BUY,0.58733,65431.0,65431.0,0.0,38429.58923,TAKER
TRD-000465,ORD-000042,strategy-1,2026-03-02T14:27:23.192000,BUY,0.00704,65426.2,65426.2,0.0,460.600448,TAKER
TRD-000466,ORD-000042,strategy-1,2026-03-02T14:27:23.192000,BUY,0.0008,65427.9,65427.9,0.0,52.34232,TAKER
TRD-000467,ORD-000042,strategy-1,2026-03-02T14:27:23.192000,BUY,0.000115,65428.4,65428.4,0.0,7.524266000000001,TAKER
TRD-000468,ORD-000042,strategy-1,2026-03-02T14:27:45.592000,BUY,0.258129,65430.8,65430.8,0.0,16889.5869732,TAKER
