order_id,strategy_id,side,order_type,submitted_at,submitted_price,submitted_qty,final_status,final_updated_at,filled_qty_total,remaining_qty,avg_fill_price,first_fill_at,last_fill_at,trade_count,commission_total,slippage_cost_total,rejection_reason
ORD-000001,strategy-1,BUY,LIMIT,2026-03-01T21:24:53.392000,65608.5,1.0,CANCELED,2026-03-01T21:25:07.992000,0.438718,0.561282,65604.02231387816,2026-03-01T21:25:07.992000,2026-03-01T21:25:07.992000,14,0.0,0.0,
ORD-000002,strategy-1,SELL,LIMIT,2026-03-01T21:29:53.793000,65606.9,0.43871800000000005,CANCELED,2026-03-01T21:30:07.992000,0,0.43871800000000005,,,,0,0,0,
ORD-000003,strategy-1,SELL,LIMIT,2026-03-01T21:34:01.793000,65633.8,0.43871800000000005,CANCELED,2026-03-01T21:34:15.993000,0,0.43871800000000005,,,,0,0,0,
ORD-000004,strategy-1,SELL,LIMIT,2026-03-01T21:34:44.793000,65625.7,0.43871800000000005,CANCELED,2026-03-01T21:34:59.392000,0,0.43871800000000005,,,,0,0,0,
ORD-000005,strategy-1,SELL,LIMIT,2026-03-01T21:38:22.192000,65616.3,0.43871800000000005,FILLED,2026-03-01T21:38:36.792000,0.43871800000000005,0.0,65631.46347767815,2026-03-01T21:38:36.792000,2026-03-01T21:38:36.792000,8,0.0,0.0,
ORD-000006,strategy-1,BUY,LIMIT,2026-03-01T21:42:42.393000,65562.7,1.0,CANCELED,2026-03-01T21:42:57.192000,0,1.0,,,,0,0,0,
ORD-000007,strategy-1,BUY,LIMIT,2026-03-01T21:43:11.592000,65579.7,1.0,CANCELED,2026-03-01T21:43:26.392000,0,1.0,,,,0,0,0,
ORD-000008,strategy-1,BUY,LIMIT,2026-03-01T21:43:40.793000,65586.4,1.0,CANCELED,2026-03-01T21:43:55.592000,0,1.0,,,,0,0,0,
ORD-000009,strategy-1,BUY,LIMIT,2026-03-01T21:48:16.793000,65591.3,1.0,CANCELED,2026-03-01T21:48:30.992000,0.767798,0.23220199999999985,65587.91451058743,2026-03-01T21:48:30.992000,2026-03-01T21:48:30.992000,6,0.0,0.0,
ORD-000010,strategy-1,SELL,LIMIT,2026-03-01T21:50:40.392000,65650.6,0.767798,FILLED,2026-03-01T21:50:54.593000,0.767798,0.0,65658.89531947205,2026-03-01T21:50:54.593000,2026-03-01T21:50:54.593000,7,0.0,0.0,
ORD-000011,strategy-1,BUY,LIMIT,2026-03-01T21:54:34.792000,65646.7,1.0,CANCELED,2026-03-01T21:54:49.192000,0,1.0,,,,0,0,0,
ORD-000012,strategy-1,BUY,LIMIT,2026-03-01T22:07:31.992000,65661.0,1.0,CANCELED,2026-03-01T22:07:46.392000,0.62247,0.37753000000000014,65657.33281057721,2026-03-01T22:07:46.392000,2026-03-01T22:07:46.392000,11,0.0,0.0,
ORD-000013,strategy-1,SELL,LIMIT,2026-03-01T22:13:11.993000,66362.2,0.62247,CANCELED,2026-03-01T22:13:26.592000,0,0.62247,,,,0,0,0,
ORD-000014,strategy-1,SELL,LIMIT,2026-03-01T22:13:40.992000,66301.1,0.62247,CANCELED,2026-03-01T22:13:55.592000,0.113962,0.508508,66308.59979291343,2026-03-01T22:13:55.592000,2026-03-01T22:13:55.592000,5,0.0,0.0,
ORD-000015,strategy-1,SELL,LIMIT,2026-03-01T22:14:09.992000,66206.3,0.508508,CANCELED,2026-03-01T22:14:24.592000,0,0.508508,,,,0,0,0,
ORD-000016,strategy-1,SELL,LIMIT,2026-03-01T22:25:30.192000,66098.0,0.508508,CANCELED,2026-03-01T22:25:44.992000,0,0.508508,,,,0,0,0,
ORD-000017,strategy-1,SELL,LIMIT,2026-03-01T22:30:58.993000,65880.4,0.508508,FILLED,2026-03-01T22:31:13.794000,0.508508,0.0,65898.76929330511,2026-03-01T22:31:13.794000,2026-03-01T22:31:13.794000,13,0.0,0.0,
ORD-000018,strategy-1,BUY,LIMIT,2026-03-01T22:32:41.392000,65765.1,1.0,FILLED,2026-03-01T22:32:58.192000,1.0,0.0,65744.8876942,2026-03-01T22:32:58.192000,2026-03-01T22:32:58.192000,21,0.0,0.0,
ORD-000019,strategy-1,SELL,LIMIT,2026-03-01T22:41:08.592000,65378.6,0.9999999999999999,FILLED,2026-03-01T22:41:23.393000,0.9999999999999999,0.0,65524.7851202,2026-03-01T22:41:23.393000,2026-03-01T22:41:23.393000,2,0.0,0.0,
ORD-000020,strategy-1,BUY,LIMIT,2026-03-01T22:46:15.392000,65262.6,1.0,FILLED,2026-03-01T22:46:30.592000,1.0000000000000002,0.0,65249.15156489999,2026-03-01T22:46:30.592000,2026-03-01T22:46:30.592000,25,0.0,0.0,
ORD-000021,strategy-1,SELL,LIMIT,2026-03-01T22:53:23.992000,65273.9,1.0,CANCELED,2026-03-01T22:53:39.592000,0,1.0,,,,0,0,0,
ORD-000022,strategy-1,SELL,LIMIT,2026-03-01T22:54:09.392000,65336.7,1.0,CANCELED,2026-03-01T22:54:25.192000,0.24512,0.7548799999999999,65341.87806339752,2026-03-01T22:54:25.192000,2026-03-01T22:54:25.192000,12,0.0,0.0,
ORD-000023,strategy-1,SELL,LIMIT,2026-03-01T22:55:10.792000,65364.0,0.7548799999999999,CANCELED,2026-03-01T22:55:26.192000,0,0.7548799999999999,,,,0,0,0,
ORD-000024,strategy-1,SELL,LIMIT,2026-03-01T23:02:27.794000,65530.7,0.7548799999999999,CANCELED,2026-03-01T23:02:42.792000,0,0.7548799999999999,,,,0,0,0,
ORD-000025,strategy-1,SELL,LIMIT,2026-03-01T23:02:58.793000,65562.9,0.7548799999999999,CANCELED,2026-03-01T23:03:13.793000,0,0.7548799999999999,,,,0,0,0,
ORD-000026,strategy-1,SELL,LIMIT,2026-03-01T23:03:31.593000,65563.8,0.7548799999999999,CANCELED,2026-03-01T23:03:46.592000,0,0.7548799999999999,,,,0,0,0,
ORD-000027,strategy-1,SELL,LIMIT,2026-03-01T23:04:02.592000,65589.0,0.7548799999999999,CANCELED,2026-03-01T23:04:17.992000,0,0.7548799999999999,,,,0,0,0,
ORD-000028,strategy-1,SELL,LIMIT,2026-03-01T23:04:32.793000,65620.3,0.7548799999999999,CANCELED,2026-03-01T23:04:47.794000,0.536096,0.2187839999999999,65627.3175380902,2026-03-01T23:04:47.794000,2026-03-01T23:04:47.794000,5,0.0,0.0,
ORD-000029,strategy-1,SELL,LIMIT,2026-03-01T23:05:03.192000,65698.3,0.2187839999999999,CANCELED,2026-03-01T23:05:18.792000,0,0.2187839999999999,,,,0,0,0,
ORD-000030,strategy-1,SELL,LIMIT,2026-03-01T23:05:33.793000,65729.0,0.2187839999999999,CANCELED,2026-03-01T23:05:48.393000,0,0.2187839999999999,,,,0,0,0,
ORD-000031,strategy-1,SELL,LIMIT,2026-03-01T23:06:03.992000,65744.6,0.2187839999999999,FILLED,2026-03-01T23:06:19.793000,0.2187839999999999,0.0,65829.45672809711,2026-03-01T23:06:19.793000,2026-03-01T23:06:19.793000,4,0.0,0.0,
ORD-000032,strategy-1,BUY,LIMIT,2026-03-01T23:13:40.992000,65847.9,1.0,CANCELED,2026-03-01T23:13:55.793000,0.731998,0.2680020000000001,65837.35632815937,2026-03-01T23:13:55.793000,2026-03-01T23:13:55.793000,15,0.0,0.0,
ORD-000033,strategy-1,SELL,LIMIT,2026-03-01T23:36:40.992000,65738.7,0.7319980000000001,CANCELED,2026-03-01T23:36:56.392000,0.018373,0.7136250000000002,65742.42789419256,2026-03-01T23:36:56.392000,2026-03-01T23:36:56.392000,7,0.0,0.0,
ORD-000034,strategy-1,SELL,LIMIT,2026-03-01T23:37:26.192000,65743.8,0.7136250000000002,CANCELED,2026-03-01T23:37:40.992000,0,0.7136250000000002,,,,0,0,0,
ORD-000035,strategy-1,SELL,LIMIT,2026-03-01T23:37:55.793000,65754.1,0.7136250000000002,FILLED,2026-03-01T23:38:10.592000,0.7136250000000002,0.0,65771.73584501664,2026-03-01T23:38:10.592000,2026-03-01T23:38:10.592000,11,0.0,0.0,
ORD-000036,strategy-1,BUY,LIMIT,2026-03-01T23:43:01.793000,65702.9,1.0,FILLED,2026-03-01T23:43:17.192000,1.0,0.0,65685.84480450001,2026-03-01T23:43:17.192000,2026-03-01T23:43:17.192000,15,0.0,0.0,
ORD-000037,strategy-1,SELL,LIMIT,2026-03-01T23:49:11.592000,65794.1,1.0,FILLED,2026-03-01T23:49:30.792000,1.0,0.0,65844.6725625,2026-03-01T23:49:30.792000,2026-03-01T23:49:30.792000,8,0.0,0.0,
ORD-000038,strategy-1,SELL,LIMIT,2026-03-01T23:49:30.792000,65845.5,2.220446049250313e-16,CANCELED,2026-03-01T23:49:46.392000,0,2.220446049250313e-16,,,,0,0,0,
ORD-000039,strategy-1,SELL,LIMIT,2026-03-01T23:50:01.592000,65825.6,2.220446049250313e-16,CANCELED,2026-03-01T23:50:17.392000,0,2.220446049250313e-16,,,,0,0,0,
ORD-000040,strategy-1,SELL,LIMIT,2026-03-01T23:59:47.192000,65764.3,2.220446049250313e-16,FILLED,2026-03-02T00:00:02.992000,2.220446049250313e-16,0.0,65780.8,2026-03-02T00:00:02.992000,2026-03-02T00:00:02.992000,1,0.0,0.0,
ORD-000041,strategy-1,BUY,LIMIT,2026-03-02T00:14:18.192000,66049.9,1.0,CANCELED,2026-03-02T00:14:34.192000,0.370797,0.6292030000000001,66047.92787374224,2026-03-02T00:14:34.192000,2026-03-02T00:14:34.192000,7,0.0,0.0,
ORD-000042,strategy-1,SELL,LIMIT,2026-03-02T00:25:14.794000,66018.4,0.37079700000000004,CANCELED,2026-03-02T00:25:34.392000,0,0.37079700000000004,,,,0,0,0,
ORD-000043,strategy-1,SELL,LIMIT,2026-03-02T00:25:49.992000,66024.9,0.37079700000000004,FILLED,2026-03-02T00:26:05.793000,0.37079700000000004,0.0,66035.4155839988,2026-03-02T00:26:05.793000,2026-03-02T00:26:05.793000,14,0.0,0.0,
ORD-000044,strategy-1,BUY,LIMIT,2026-03-02T00:28:13.192000,65871.4,1.0,CANCELED,2026-03-02T00:28:28.593000,0,1.0,,,,0,0,0,
ORD-000045,strategy-1,BUY,LIMIT,2026-03-02T00:28:44.793000,65902.6,1.0,CANCELED,2026-03-02T00:29:00.593000,0.69684,0.3031600000000001,65895.72957149417,2026-03-02T00:29:00.593000,2026-03-02T00:29:00.593000,14,0.0,0.0,
ORD-000046,strategy-1,SELL,LIMIT,2026-03-02T00:31:38.192000,66031.6,0.6968399999999999,CANCELED,2026-03-02T00:31:53.993000,0.47421599999999997,0.22262399999999993,66034.48702953929,2026-03-02T00:31:53.993000,2026-03-02T00:31:53.993000,3,0.0,0.0,
ORD-000047,strategy-1,SELL,LIMIT,2026-03-02T00:32:09.592000,66030.5,0.22262399999999993,FILLED,2026-03-02T00:32:24.794000,0.22262399999999993,0.0,66044.5,2026-03-02T00:32:24.794000,2026-03-02T00:32:24.794000,1,0.0,0.0,
ORD-000048,strategy-1,BUY,LIMIT,2026-03-02T01:19:58.793000,66806.3,1.0,CANCELED,2026-03-02T01:20:15.193000,0.452515,0.547485,66800.74262996807,2026-03-02T01:20:15.193000,2026-03-02T01:20:15.193000,8,0.0,0.0,
ORD-000049,strategy-1,SELL,LIMIT,2026-03-02T01:52:57.992000,66621.1,0.45251500000000006,FILLED,2026-03-02T01:53:13.593000,0.45251500000000006,0.0,66632.0,2026-03-02T01:53:13.593000,2026-03-02T01:53:13.593000,1,0.0,0.0,
ORD-000050,strategy-1,BUY,LIMIT,2026-03-02T01:57:35.793000,66531.7,1.0,CANCELED,2026-03-02T01:57:51.392000,0.219411,0.780589,66528.79815688365,2026-03-02T01:57:51.392000,2026-03-02T01:57:51.392000,5,0.0,0.0,
ORD-000051,strategy-1,SELL,LIMIT,2026-03-02T02:14:53.592000,66099.4,0.219411,FILLED,2026-03-02T02:15:09.792000,0.219411,0.0,66155.9,2026-03-02T02:15:09.792000,2026-03-02T02:15:09.792000,1,0.0,0.0,
ORD-000052,strategy-1,BUY,LIMIT,2026-03-02T02:20:04.793000,66070.6,1.0,FILLED,2026-03-02T02:20:21.192000,1.0,0.0,66057.45650849999,2026-03-02T02:20:21.192000,2026-03-02T02:20:21.192000,8,0.0,0.0,
ORD-000053,strategy-1,SELL,LIMIT,2026-03-02T02:23:42.992000,66236.0,1.0,CANCELED,2026-03-02T02:24:00.192000,0.225519,0.774481,66236.4,2026-03-02T02:24:00.192000,2026-03-02T02:24:00.192000,1,0.0,0.0,
ORD-000054,strategy-1,SELL,LIMIT,2026-03-02T02:24:16.992000,66247.0,0.774481,CANCELED,2026-03-02T02:24:34.793000,0.735399,0.03908199999999995,66247.16884412407,2026-03-02T02:24:34.793000,2026-03-02T02:24:34.793000,2,0.0,0.0,
ORD-000055,strategy-1,SELL,LIMIT,2026-03-02T02:32:59.592000,66280.6,0.03908199999999995,CANCELED,2026-03-02T02:33:16.793000,0,0.03908199999999995,,,,0,0,0,
ORD-000056,strategy-1,SELL,LIMIT,2026-03-02T02:33:48.993000,66348.6,0.03908199999999995,FILLED,2026-03-02T02:34:05.592000,0.03908199999999995,0.0,66385.5,2026-03-02T02:34:05.592000,2026-03-02T02:34:05.592000,1,0.0,0.0,
ORD-000057,strategy-1,BUY,LIMIT,2026-03-02T02:42:21.193000,66279.0,1.0,CANCELED,2026-03-02T02:42:37.793000,0,1.0,,,,0,0,0,
ORD-000058,strategy-1,BUY,LIMIT,2026-03-02T02:42:56.992000,66296.0,1.0,CANCELED,2026-03-02T02:43:13.393000,0,1.0,,,,0,0,0,
ORD-000059,strategy-1,BUY,LIMIT,2026-03-02T02:43:29.392000,66295.1,1.0,CANCELED,2026-03-02T02:43:45.592000,0,1.0,,,,0,0,0,
ORD-000060,strategy-1,BUY,LIMIT,2026-03-02T02:44:01.393000,66308.4,1.0,CANCELED,2026-03-02T02:44:17.392000,0.533527,0.466473,66308.30248590981,2026-03-02T02:44:17.392000,2026-03-02T02:44:17.392000,2,0.0,0.0,
ORD-000061,strategy-1,SELL,LIMIT,2026-03-02T02:48:18.592000,66378.9,0.533527,CANCELED,2026-03-02T02:48:35.592000,0.331191,0.20233600000000002,66380.00528154448,2026-03-02T02:48:35.592000,2026-03-02T02:48:35.592000,3,0.0,0.0,
ORD-000062,strategy-1,SELL,LIMIT,2026-03-02T02:56:23.795000,66333.6,0.20233600000000002,FILLED,2026-03-02T02:56:43.192000,0.20233600000000002,0.0,66363.0,2026-03-02T02:56:43.192000,2026-03-02T02:56:43.192000,1,0.0,0.0,
ORD-000063,strategy-1,BUY,LIMIT,2026-03-02T03:00:28.992000,66261.8,1.0,CANCELED,2026-03-02T03:00:45.992000,0.507634,0.49236599999999997,66260.6,2026-03-02T03:00:45.992000,2026-03-02T03:00:45.992000,1,0.0,0.0,
ORD-000064,strategy-1,SELL,LIMIT,2026-03-02T03:07:53.592000,66295.6,0.507634,FILLED,2026-03-02T03:08:11.193000,0.507634,0.0,66340.38525413978,2026-03-02T03:08:11.193000,2026-03-02T03:08:11.193000,2,0.0,0.0,
ORD-000065,strategy-1,BUY,LIMIT,2026-03-02T03:56:20.592000,66855.4,1.0,CANCELED,2026-03-02T03:56:36.993000,0.707524,0.2924759999999998,66845.34188734234,2026-03-02T03:56:36.993000,2026-03-02T03:56:36.993000,22,0.0,0.0,
ORD-000066,strategy-1,SELL,LIMIT,2026-03-02T04:27:26.392000,66915.9,0.7075239999999999,CANCELED,2026-03-02T04:27:43.792000,0,0.7075239999999999,,,,0,0,0,
ORD-000067,strategy-1,SELL,LIMIT,2026-03-02T04:27:59.992000,66900.1,0.7075239999999999,FILLED,2026-03-02T04:28:16.392000,0.7075239999999999,0.0,66929.7862961539,2026-03-02T04:28:16.392000,2026-03-02T04:28:16.392000,5,0.0,0.0,
ORD-000068,strategy-1,BUY,LIMIT,2026-03-02T04:33:49.393000,66846.7,1.0,CANCELED,2026-03-02T04:34:09.192000,0,1.0,,,,0,0,0,
ORD-000069,strategy-1,BUY,LIMIT,2026-03-02T04:35:43.392000,66785.7,1.0,FILLED,2026-03-02T04:36:00.193000,0.9999999999999999,0.0,66779.99338700001,2026-03-02T04:36:00.193000,2026-03-02T04:36:00.193000,9,0.0,0.0,
ORD-000070,strategy-1,SELL,LIMIT,2026-03-02T04:40:10.592000,66857.2,1.0,FILLED,2026-03-02T04:40:28.392000,1.0,0.0,66870.3,2026-03-02T04:40:28.392000,2026-03-02T04:40:28.392000,1,0.0,0.0,
ORD-000071,strategy-1,BUY,LIMIT,2026-03-02T04:43:01.392000,66780.2,1.0,CANCELED,2026-03-02T04:43:19.592000,0,1.0,,,,0,0,0,
ORD-000072,strategy-1,BUY,LIMIT,2026-03-02T04:46:13.793000,66704.9,1.0,CANCELED,2026-03-02T04:46:30.192000,0,1.0,,,,0,0,0,
ORD-000073,strategy-1,BUY,LIMIT,2026-03-02T04:47:42.992000,66725.9,1.0,FILLED,2026-03-02T04:48:01.392000,1.0,0.0,66698.2270266,2026-03-02T04:48:01.392000,2026-03-02T04:48:01.392000,18,0.0,0.0,
ORD-000074,strategy-1,SELL,LIMIT,2026-03-02T04:52:57.192000,66750.1,0.9999999999999999,CANCELED,2026-03-02T04:53:14.392000,0,0.9999999999999999,,,,0,0,0,
ORD-000075,strategy-1,SELL,LIMIT,2026-03-02T04:54:23.392000,66758.3,0.9999999999999999,CANCELED,2026-03-02T04:54:39.592000,0.37837200000000004,0.621628,66758.3980207309,2026-03-02T04:54:39.592000,2026-03-02T04:54:39.592000,2,0.0,0.0,
ORD-000076,strategy-1,SELL,LIMIT,2026-03-02T04:54:58.992000,66748.6,0.621628,CANCELED,2026-03-02T04:55:15.593000,0,0.621628,,,,0,0,0,
ORD-000077,strategy-1,SELL,LIMIT,2026-03-02T04:59:52.592000,66847.1,0.621628,FILLED,2026-03-02T05:00:13.992000,0.6216279999999998,0.0,66881.71283854653,2026-03-02T05:00:13.992000,2026-03-02T05:00:13.992000,17,0.0,0.0,
ORD-000078,strategy-1,BUY,LIMIT,2026-03-02T05:04:56.992000,66688.1,1.0,FILLED,2026-03-02T05:05:17.193000,0.9999999999999999,0.0,66667.0155476,2026-03-02T05:05:17.193000,2026-03-02T05:05:17.193000,11,0.0,0.0,
ORD-000079,strategy-1,SELL,LIMIT,2026-03-02T05:11:33.793000,66701.3,1.0,CANCELED,2026-03-02T05:11:52.993000,0,1.0,,,,0,0,0,
ORD-000080,strategy-1,SELL,LIMIT,2026-03-02T05:12:10.793000,66672.9,1.0,FILLED,2026-03-02T05:12:29.592000,1.0,0.0,66680.80595180001,2026-03-02T05:12:29.592000,2026-03-02T05:12:29.592000,5,0.0,0.0,
ORD-000081,strategy-1,BUY,LIMIT,2026-03-02T05:20:38.393000,66716.4,1.0,CANCELED,2026-03-02T05:20:57.793000,0,1.0,,,,0,0,0,
ORD-000082,strategy-1,BUY,LIMIT,2026-03-02T05:24:29.992000,66620.1,1.0,CANCELED,2026-03-02T05:24:48.592000,0.5713,0.4286999999999999,66614.53418239104,2026-03-02T05:24:48.592000,2026-03-02T05:24:48.592000,12,0.0,0.0,
ORD-000083,strategy-1,SELL,LIMIT,2026-03-02T05:33:52.393000,66728.6,0.5713,CANCELED,2026-03-02T05:34:09.792000,0.188269,0.383031,66729.0,2026-03-02T05:34:09.792000,2026-03-02T05:34:09.792000,1,0.0,0.0,
ORD-000084,strategy-1,SELL,LIMIT,2026-03-02T05:34:28.192000,66756.2,0.383031,CANCELED,2026-03-02T05:34:46.192000,0,0.383031,,,,0,0,0,
ORD-000085,strategy-1,SELL,LIMIT,2026-03-02T05:37:09.793000,66795.9,0.383031,CANCELED,2026-03-02T05:37:26.592000,0,0.383031,,,,0,0,0,
ORD-000086,strategy-1,SELL,LIMIT,2026-03-02T05:44:07.592000,66946.9,0.383031,FILLED,2026-03-02T05:44:26.392000,0.38303099999999995,0.0,66957.00401377433,2026-03-02T05:44:26.392000,2026-03-02T05:44:26.392000,17,0.0,0.0,
ORD-000087,strategy-1,BUY,LIMIT,2026-03-02T05:52:16.993000,66852.1,1.0,FILLED,2026-03-02T05:52:35.592000,1.0,0.0,66838.6778736,2026-03-02T05:52:35.592000,2026-03-02T05:52:35.592000,21,0.0,0.0,
ORD-000088,strategy-1,SELL,LIMIT,2026-03-02T06:28:08.992000,66234.3,1.0,CANCELED,2026-03-02T06:28:26.794000,0,1.0,,,,0,0,0,
ORD-000089,strategy-1,SELL,LIMIT,2026-03-02T06:29:17.392000,66281.6,1.0,CANCELED,2026-03-02T06:29:35.793000,0,1.0,,,,0,0,0,
ORD-000090,strategy-1,SELL,LIMIT,2026-03-02T06:59:59.193000,66210.5,1.0,CANCELED,2026-03-02T07:00:29.593000,0,1.0,,,,0,0,0,
ORD-000091,strategy-1,SELL,LIMIT,2026-03-02T07:23:51.392000,65724.7,1.0,FILLED,2026-03-02T07:24:08.793000,1.0,0.0,65765.2888065,2026-03-02T07:24:08.793000,2026-03-02T07:24:08.793000,6,0.0,0.0,
ORD-000092,strategy-1,BUY,LIMIT,2026-03-02T08:01:41.593000,65843.4,1.0,CANCELED,2026-03-02T08:02:04.993000,0,1.0,,,,0,0,0,
ORD-000093,strategy-1,BUY,LIMIT,2026-03-02T08:02:23.192000,65814.0,1.0,CANCELED,2026-03-02T08:02:43.392000,0,1.0,,,,0,0,0,
ORD-000094,strategy-1,BUY,LIMIT,2026-03-02T08:12:32.592000,65720.7,1.0,FILLED,2026-03-02T08:12:50.392000,1.0,0.0,65707.6106699,2026-03-02T08:12:50.392000,2026-03-02T08:12:50.392000,16,0.0,0.0,
ORD-000095,strategy-1,SELL,LIMIT,2026-03-02T08:32:57.792000,65826.7,0.9999999999999999,FILLED,2026-03-02T08:33:16.793000,1.0,0.0,65845.3479106,2026-03-02T08:33:16.793000,2026-03-02T08:33:16.793000,24,0.0,0.0,
ORD-000096,strategy-1,BUY,LIMIT,2026-03-02T09:27:17.592000,66427.2,1.0,CANCELED,2026-03-02T09:27:35.192000,0,1.0,,,,0,0,0,
ORD-000097,strategy-1,BUY,LIMIT,2026-03-02T09:27:52.793000,66445.6,1.0,FILLED,2026-03-02T09:28:13.592000,1.0,0.0,66434.794527,2026-03-02T09:28:13.592000,2026-03-02T09:28:13.592000,16,0.0,0.0,
ORD-000098,strategy-1,SELL,LIMIT,2026-03-02T10:05:21.792000,66304.2,1.0,CANCELED,2026-03-02T10:05:41.192000,0.5268579999999999,0.4731420000000002,66307.6331514374,2026-03-02T10:05:41.192000,2026-03-02T10:05:41.192000,9,0.0,0.0,
ORD-000099,strategy-1,SELL,LIMIT,2026-03-02T10:06:02.592000,66314.5,0.4731420000000002,CANCELED,2026-03-02T10:06:27.392000,0,0.4731420000000002,,,,0,0,0,
ORD-000100,strategy-1,SELL,LIMIT,2026-03-02T10:06:46.992000,66338.9,0.4731420000000002,CANCELED,2026-03-02T10:07:07.992000,0,0.4731420000000002,,,,0,0,0,
ORD-000101,strategy-1,SELL,LIMIT,2026-03-02T10:29:40.192000,66223.3,0.4731420000000002,FILLED,2026-03-02T10:30:01.593000,0.4731420000000002,0.0,66258.2,2026-03-02T10:30:01.593000,2026-03-02T10:30:01.593000,1,0.0,0.0,
ORD-000102,strategy-1,BUY,LIMIT,2026-03-02T10:44:55.392000,66247.4,1.0,CANCELED,2026-03-02T10:45:16.792000,0,1.0,,,,0,0,0,
ORD-000103,strategy-1,BUY,LIMIT,2026-03-02T10:46:16.392000,66226.9,1.0,CANCELED,2026-03-02T10:46:36.793000,0,1.0,,,,0,0,0,
ORD-000104,strategy-1,BUY,LIMIT,2026-03-02T11:04:51.392000,66209.7,1.0,CANCELED,2026-03-02T11:05:12.192000,0,1.0,,,,0,0,0,
ORD-000105,strategy-1,BUY,LIMIT,2026-03-02T11:08:19.793000,66082.4,1.0,CANCELED,2026-03-02T11:08:42.192000,0,1.0,,,,0,0,0,
ORD-000106,strategy-1,BUY,LIMIT,2026-03-02T11:10:00.792000,66098.8,1.0,CANCELED,2026-03-02T11:10:21.792000,0,1.0,,,,0,0,0,
ORD-000107,strategy-1,BUY,LIMIT,2026-03-02T11:30:06.992000,66037.0,1.0,CANCELED,2026-03-02T11:30:27.392000,0,1.0,,,,0,0,0,
ORD-000108,strategy-1,BUY,LIMIT,2026-03-02T11:51:40.992000,66346.8,1.0,CANCELED,2026-03-02T11:52:00.992000,0,1.0,,,,0,0,0,
ORD-000109,strategy-1,BUY,LIMIT,2026-03-02T11:55:05.992000,66262.0,1.0,CANCELED,2026-03-02T11:55:29.392000,0,1.0,,,,0,0,0,
ORD-000110,strategy-1,BUY,LIMIT,2026-03-02T12:16:00.793000,66305.0,1.0,FILLED,2026-03-02T12:16:20.992000,1.0,0.0,66288.9995689,2026-03-02T12:16:20.992000,2026-03-02T12:16:20.992000,25,0.0,0.0,
ORD-000111,strategy-1,SELL,LIMIT,2026-03-02T12:50:46.193000,66047.9,1.0,CANCELED,2026-03-02T12:51:06.392000,0,1.0,,,,0,0,0,
ORD-000112,strategy-1,SELL,LIMIT,2026-03-02T13:19:25.992000,65975.2,1.0,CANCELED,2026-03-02T13:19:52.593000,0,1.0,,,,0,0,0,
ORD-000113,strategy-1,SELL,LIMIT,2026-03-02T13:21:01.392000,65982.4,1.0,CANCELED,2026-03-02T13:21:23.793000,0.940849,0.05915100000000003,65986.93917918815,2026-03-02T13:21:23.793000,2026-03-02T13:21:23.793000,20,0.0,0.0,
ORD-000114,strategy-1,SELL,LIMIT,2026-03-02T13:21:46.792000,66016.2,0.05915100000000003,FILLED,2026-03-02T13:22:12.193000,0.05915100000000003,0.0,66043.95482916603,2026-03-02T13:22:12.193000,2026-03-02T13:22:12.193000,3,0.0,0.0,
ORD-000115,strategy-1,BUY,LIMIT,2026-03-02T13:27:41.592000,65854.1,1.0,FILLED,2026-03-02T13:28:06.392000,1.0000000000000002,0.0,65807.827507,2026-03-02T13:28:06.392000,2026-03-02T13:28:06.392000,19,0.0,0.0,
ORD-000116,strategy-1,SELL,LIMIT,2026-03-02T14:07:51.192000,65519.5,1.0,CANCELED,2026-03-02T14:08:13.593000,0.593925,0.40607499999999985,65523.250304499714,2026-03-02T14:08:13.593000,2026-03-02T14:08:13.593000,11,0.0,0.0,
ORD-000117,strategy-1,SELL,LIMIT,2026-03-02T14:08:31.992000,65527.3,0.40607499999999985,FILLED,2026-03-02T14:08:50.592000,0.40607499999999985,0.0,65534.99201723819,2026-03-02T14:08:50.592000,2026-03-02T14:08:50.592000,5,0.0,0.0,
ORD-000118,strategy-1,BUY,LIMIT,2026-03-02T14:24:03.592000,65430.9,1.0,CANCELED,2026-03-02T14:24:29.592000,0,1.0,,,,0,0,0,
ORD-000119,strategy-1,BUY,LIMIT,2026-03-02T15:52:37.793000,69269.1,1.0,FILLED,2026-03-02T15:53:02.593000,1.0,0.0,69235.8560464,2026-03-02T15:53:02.593000,2026-03-02T15:53:02.593000,11,0.0,0.0,
ORD-000120,strategy-1,SELL,LIMIT,2026-03-02T16:08:05.592000,69457.0,1.0,FILLED,2026-03-02T16:08:32.793000,1.0,0.0,69469.7069584,2026-03-02T16:08:32.793000,2026-03-02T16:08:32.793000,27,0.0,0.0,
ORD-000121,strategy-1,SELL,LIMIT,2026-03-02T16:08:32.793000,69485.8,2.220446049250313e-16,FILLED,2026-03-02T16:08:58.992000,2.220446049250313e-16,0.0,69554.3,2026-03-02T16:08:58.992000,2026-03-02T16:08:58.992000,1,0.0,0.0,
ORD-000122,strategy-1,BUY,LIMIT,2026-03-02T16:15:38.793000,69494.3,1.0,CANCELED,2026-03-02T16:16:02.393000,0,1.0,,,,0,0,0,
ORD-000123,strategy-1,BUY,LIMIT,2026-03-02T16:28:32.793000,69333.0,1.0,CANCELED,2026-03-02T16:28:58.793000,0,1.0,,,,0,0,0,
ORD-000124,strategy-1,BUY,LIMIT,2026-03-02T16:29:21.992000,69369.0,1.0,CANCELED,2026-03-02T16:29:48.792000,0.812808,0.18719200000000005,69361.51054320332,2026-03-02T16:29:48.792000,2026-03-02T16:29:48.792000,11,0.0,0.0,
ORD-000125,strategy-1,SELL,LIMIT,2026-03-02T16:42:58.392000,69486.3,0.8128079999999999,FILLED,2026-03-02T16:43:22.192000,0.8128079999999999,0.0,69495.37746368145,2026-03-02T16:43:22.192000,2026-03-02T16:43:22.192000,2,0.0,0.0,
ORD-000126,strategy-1,BUY,LIMIT,2026-03-02T16:52:49.392000,69748.1,1.0,FILLED,2026-03-02T16:53:16.192000,1.0,0.0,69720.477868,2026-03-02T16:53:16.192000,2026-03-02T16:53:16.192000,16,0.0,0.0,
ORD-000127,strategy-1,SELL,LIMIT,2026-03-02T17:23:14.193000,69399.1,0.9999999999999999,FILLED,2026-03-02T17:23:34.592000,1.0,0.0,69418.8426302,2026-03-02T17:23:34.592000,2026-03-02T17:23:34.592000,18,0.0,0.0,
ORD-000128,strategy-1,BUY,LIMIT,2026-03-02T17:28:19.192000,69258.9,1.0,FILLED,2026-03-02T17:28:43.192000,0.9999999999999999,0.0,69215.3453706,2026-03-02T17:28:43.192000,2026-03-02T17:28:43.192000,18,0.0,0.0,
ORD-000129,strategy-1,SELL,LIMIT,2026-03-02T17:54:24.593000,69141.2,0.9999999999999999,FILLED,2026-03-02T17:54:48.992000,0.9999999999999997,0.0,69189.341163,2026-03-02T17:54:48.992000,2026-03-02T17:54:48.992000,19,0.0,0.0,
ORD-000130,strategy-1,BUY,LIMIT,2026-03-02T18:03:21.392000,68741.9,1.0,CANCELED,2026-03-02T18:03:42.392000,0,1.0,,,,0,0,0,
ORD-000131,strategy-1,BUY,LIMIT,2026-03-02T18:20:39.993000,69027.8,1.0,CANCELED,2026-03-02T18:21:06.193000,0.694902,0.30509799999999987,69017.31995590746,2026-03-02T18:21:06.193000,2026-03-02T18:21:06.193000,20,0.0,0.0,
ORD-000132,strategy-1,SELL,LIMIT,2026-03-02T18:28:27.592000,69168.1,0.694902,CANCELED,2026-03-02T18:28:51.392000,0,0.694902,,,,0,0,0,
ORD-000133,strategy-1,SELL,LIMIT,2026-03-02T19:17:13.192000,68842.8,0.694902,FILLED,2026-03-02T19:17:34.592000,0.6949019999999999,0.0,68886.81704384215,2026-03-02T19:17:34.592000,2026-03-02T19:17:34.592000,14,0.0,0.0,
ORD-000134,strategy-1,BUY,LIMIT,2026-03-02T19:31:17.992000,68742.6,1.0,FILLED,2026-03-02T19:31:43.992000,1.0,0.0,68731.91411679999,2026-03-02T19:31:43.992000,2026-03-02T19:31:43.992000,4,0.0,0.0,
ORD-000135,strategy-1,SELL,LIMIT,2026-03-02T19:36:52.992000,69025.9,0.9999999999999999,CANCELED,2026-03-02T19:37:16.192000,0,0.9999999999999999,,,,0,0,0,
ORD-000136,strategy-1,SELL,LIMIT,2026-03-02T19:37:36.992000,68967.0,0.9999999999999999,CANCELED,2026-03-02T19:38:01.392000,0.645007,0.3549929999999999,68967.65413011023,2026-03-02T19:38:01.392000,2026-03-02T19:38:01.392000,2,0.0,0.0,
ORD-000137,strategy-1,SELL,LIMIT,2026-03-02T19:49:51.192000,68911.8,0.3549929999999999,CANCELED,2026-03-02T19:50:13.192000,0,0.3549929999999999,,,,0,0,0,
ORD-000138,strategy-1,SELL,LIMIT,2026-03-02T19:52:03.192000,68903.3,0.3549929999999999,FILLED,2026-03-02T19:52:27.992000,0.3549929999999999,0.0,68981.02281228082,2026-03-02T19:52:27.992000,2026-03-02T19:52:27.992000,8,0.0,0.0,
ORD-000139,strategy-1,BUY,LIMIT,2026-03-02T20:08:36.192000,68837.0,1.0,CANCELED,2026-03-02T20:08:56.392000,0,1.0,,,,0,0,0,
ORD-000140,strategy-1,BUY,LIMIT,2026-03-02T20:09:20.793000,68835.3,1.0,CANCELED,2026-03-02T20:09:46.992000,0,1.0,,,,0,0,0,
ORD-000141,strategy-1,BUY,LIMIT,2026-03-02T20:10:08.992000,68842.3,1.0,FILLED,2026-03-02T20:10:35.994000,0.9999999999999999,0.0,68797.4223116,2026-03-02T20:10:35.994000,2026-03-02T20:10:35.994000,12,0.0,0.0,
ORD-000142,strategy-1,SELL,LIMIT,2026-03-02T20:17:30.192000,68892.9,1.0,CANCELED,2026-03-02T20:17:50.393000,0.073751,0.9262489999999998,68902.62599693563,2026-03-02T20:17:50.393000,2026-03-02T20:17:50.393000,13,0.0,0.0,
ORD-000143,strategy-1,SELL,LIMIT,2026-03-02T20:18:19.392000,68928.6,0.9262489999999998,CANCELED,2026-03-02T20:18:45.592000,0.22393500000000002,0.7023139999999997,68934.23387724116,2026-03-02T20:18:45.592000,2026-03-02T20:18:45.592000,6,0.0,0.0,
ORD-000144,strategy-1,SELL,LIMIT,2026-03-02T20:19:10.794000,68955.8,0.7023139999999997,CANCELED,2026-03-02T20:19:38.793000,0,0.7023139999999997,,,,0,0,0,
ORD-000145,strategy-1,SELL,LIMIT,2026-03-02T20:27:06.992000,68946.4,0.7023139999999997,FILLED,2026-03-02T20:27:33.593000,0.7023139999999997,0.0,68962.6973501881,2026-03-02T20:27:33.593000,2026-03-02T20:27:33.593000,16,0.0,0.0,
ORD-000146,strategy-1,BUY,LIMIT,2026-03-02T20:58:38.993000,69279.8,1.0,FILLED,2026-03-02T20:59:05.794000,1.0,0.0,69182.8,2026-03-02T20:59:05.794000,2026-03-02T20:59:05.794000,1,0.0,0.0,
